Name,Country,Location,Practice Area,Law Firm,Profile URL,Law Firm URL,Rank
H Hampton Boles,"('USA', False)",Alabama,Banking & Finance,Boles Holmes Parkman White LLC,www.chambers.com/lawyer/h-hampton-boles-usa-5:162912,www.chambers.com/law-firm/boles-holmes-parkman-white-llc-usa-5:23135621,Senior Statespeople
Richard P Carmody,"('USA', False)",Alabama,Banking & Finance,Adams and Reese LLP,www.chambers.com/lawyer/richard-p-carmody-usa-5:148753,www.chambers.com/law-firm/adams-and-reese-llp-usa-5:65472,Senior Statespeople
Kris Lowry,"('USA', False)",Alabama,Banking & Finance,"Maynard, Cooper & Gale P.C.",www.chambers.com/lawyer/kris-lowry-usa-5:163081,www.chambers.com/law-firm/maynard-cooper-gale-pc-usa-5:65200,Band 1
Dwight Mixson,"('USA', False)",Alabama,Banking & Finance,Burr & Forman LLP,www.chambers.com/lawyer/dwight-mixson-usa-5:162928,www.chambers.com/law-firm/burr-forman-llp-usa-5:67095,Band 1
Randall Morrow,"('USA', False)",Alabama,Banking & Finance,"Maynard, Cooper & Gale P.C.",www.chambers.com/lawyer/randall-morrow-usa-5:270457,www.chambers.com/law-firm/maynard-cooper-gale-pc-usa-5:65200,Band 2
Gail L Mills,"('USA', False)",Alabama,Banking & Finance,Burr & Forman LLP,www.chambers.com/lawyer/gail-l-mills-usa-5:219089,www.chambers.com/law-firm/burr-forman-llp-usa-5:67095,Band 2
J David Dresher,"('USA', False)",Alabama,Banking & Finance,Compton Jones Dresher,www.chambers.com/lawyer/j-david-dresher-usa-5:222424,www.chambers.com/law-firm/compton-jones-dresher-usa-5:23259537,Band 2
"Atkins Roberts, Jr.","('USA', False)",Alabama,Banking & Finance,Bradley Arant Boult Cummings LLP,www.chambers.com/lawyer/atkins-roberts-jr-usa-5:1392281,www.chambers.com/law-firm/bradley-arant-boult-cummings-llp-usa-5:200590,Band 3
Charles Moore,"('USA', False)",Alabama,Banking & Finance,Bradley Arant Boult Cummings LLP,www.chambers.com/lawyer/charles-moore-usa-5:924680,www.chambers.com/law-firm/bradley-arant-boult-cummings-llp-usa-5:200590,Band 3
David R. Kinman,"('USA', False)",Alabama,Banking & Finance,"Maynard, Cooper & Gale P.C.",www.chambers.com/lawyer/david-r-kinman-usa-5:1215693,www.chambers.com/law-firm/maynard-cooper-gale-pc-usa-5:65200,Band 3
James E Vann,"('USA', False)",Alabama,Banking & Finance,Dentons Sirote,www.chambers.com/lawyer/james-e-vann-usa-5:378896,www.chambers.com/law-firm/dentons-sirote-usa-5:111,Band 3
James Webb,"('USA', False)",Alabama,Banking & Finance,Bradley Arant Boult Cummings LLP,www.chambers.com/lawyer/james-webb-usa-5:719335,www.chambers.com/law-firm/bradley-arant-boult-cummings-llp-usa-5:200590,Band 3
Julia Bernstein,"('USA', False)",Alabama,Banking & Finance,Bradley Arant Boult Cummings LLP,www.chambers.com/lawyer/julia-bernstein-usa-5:1385769,www.chambers.com/law-firm/bradley-arant-boult-cummings-llp-usa-5:200590,Band 3
R Alan Deer,"('USA', False)",Alabama,Banking & Finance,Bradley Arant Boult Cummings LLP,www.chambers.com/lawyer/r-alan-deer-usa-5:204109,www.chambers.com/law-firm/bradley-arant-boult-cummings-llp-usa-5:200590,Band 3
Damon Denney,"('USA', False)",Alabama,Banking & Finance,Burr & Forman LLP,www.chambers.com/lawyer/damon-denney-usa-5:720448,www.chambers.com/law-firm/burr-forman-llp-usa-5:67095,Band 3
Haskins W Jones,"('USA', False)",Alabama,Banking & Finance,Compton Jones Dresher,www.chambers.com/lawyer/haskins-w-jones-usa-5:269218,www.chambers.com/law-firm/compton-jones-dresher-usa-5:23259537,Band 3
John Pickering,"('USA', False)",Alabama,Banking & Finance,Balch & Bingham LLP,www.chambers.com/lawyer/john-pickering-usa-5:567307,www.chambers.com/law-firm/balch-bingham-llp-usa-5:67094,Band 3
Michael Brandt,"('USA', False)",Alabama,Banking & Finance,"Wallace, Jordan, Ratliff & Brandt, LLC",www.chambers.com/lawyer/michael-brandt-usa-5:376265,www.chambers.com/law-firm/wallace-jordan-ratliff-brandt-llc-usa-5:155022,Band 3
Ray D Gibbons,"('USA', False)",Alabama,Banking & Finance,"Gibbons Graham, LLC",www.chambers.com/lawyer/ray-d-gibbons-usa-5:270456,www.chambers.com/law-firm/gibbons-graham-llc-usa-5:22360691,Band 3
H Hampton Boles,"('USA', False)",Alabama,Banking & Finance: Mainly Regulatory,Boles Holmes Parkman White LLC,www.chambers.com/lawyer/h-hampton-boles-usa-5:162912,www.chambers.com/law-firm/boles-holmes-parkman-white-llc-usa-5:23135621,Senior Statespeople
Michael Waters,"('USA', False)",Alabama,Banking & Finance: Mainly Regulatory,Jones Walker LLP,www.chambers.com/lawyer/michael-waters-usa-5:722571,www.chambers.com/law-firm/jones-walker-llp-usa-5:3816,Band 1
R Alan Deer,"('USA', False)",Alabama,Banking & Finance: Mainly Regulatory,Bradley Arant Boult Cummings LLP,www.chambers.com/lawyer/r-alan-deer-usa-5:204109,www.chambers.com/law-firm/bradley-arant-boult-cummings-llp-usa-5:200590,Band 1
Jenny McCain,"('USA', False)",Alabama,Banking & Finance: Mainly Regulatory,"Maynard, Cooper & Gale P.C.",www.chambers.com/lawyer/jenny-mccain-usa-5:569208,www.chambers.com/law-firm/maynard-cooper-gale-pc-usa-5:65200,Band 2
Maurice L Shevin,"('USA', False)",Alabama,Banking & Finance: Mainly Regulatory,Dentons Sirote,www.chambers.com/lawyer/maurice-l-shevin-usa-5:148697,www.chambers.com/law-firm/dentons-sirote-usa-5:111,Band 2
Robert Carothers,"('USA', False)",Alabama,Banking & Finance: Mainly Regulatory,Jones Walker LLP,www.chambers.com/lawyer/robert-carothers-usa-5:1393303,www.chambers.com/law-firm/jones-walker-llp-usa-5:3816,Band 2
Debra Taylor Lewis,"('USA', False)",Alabama,Banking & Finance: Mainly Regulatory,Balch & Bingham LLP,www.chambers.com/lawyer/debra-taylor-lewis-usa-5:718713,www.chambers.com/law-firm/balch-bingham-llp-usa-5:67094,Band 2
J David Dresher,"('USA', False)",Alabama,Banking & Finance: Mainly Regulatory,Compton Jones Dresher,www.chambers.com/lawyer/j-david-dresher-usa-5:222424,www.chambers.com/law-firm/compton-jones-dresher-usa-5:23259537,Band 2
Charles L Denaburg,"('USA', False)",Alabama,Bankruptcy/Restructuring,Najjar Denaburg,www.chambers.com/lawyer/charles-l-denaburg-usa-5:431754,www.chambers.com/law-firm/najjar-denaburg-usa-5:172680,Senior Statespeople
Richard P Carmody,"('USA', False)",Alabama,Bankruptcy/Restructuring,Adams and Reese LLP,www.chambers.com/lawyer/richard-p-carmody-usa-5:148753,www.chambers.com/law-firm/adams-and-reese-llp-usa-5:65472,Senior Statespeople
Timothy M Lupinacci,"('USA', False)",Alabama,Bankruptcy/Restructuring,"Baker, Donelson, Bearman, Caldwell & Berkowitz, PC",www.chambers.com/lawyer/timothy-m-lupinacci-usa-5:316128,www.chambers.com/law-firm/baker-donelson-bearman-caldwell-berkowitz-pc-usa-5:118396,Eminent Practitioners
Jay R Bender,"('USA', False)",Alabama,Bankruptcy/Restructuring,Bradley Arant Boult Cummings LLP,www.chambers.com/lawyer/jay-r-bender-usa-5:432226,www.chambers.com/law-firm/bradley-arant-boult-cummings-llp-usa-5:200590,Band 1
Jayna Partain Lamar,"('USA', False)",Alabama,Bankruptcy/Restructuring,"Maynard, Cooper & Gale P.C.",www.chambers.com/lawyer/jayna-partain-lamar-usa-5:316195,www.chambers.com/law-firm/maynard-cooper-gale-pc-usa-5:65200,Band 1
Derek Meek,"('USA', False)",Alabama,Bankruptcy/Restructuring,Burr & Forman LLP,www.chambers.com/lawyer/derek-meek-usa-5:571626,www.chambers.com/law-firm/burr-forman-llp-usa-5:67095,Band 1
Jeffery J Hartley,"('USA', False)",Alabama,Bankruptcy/Restructuring,"Helmsing, Leach, Herlong, Newman & Rouse, PC",www.chambers.com/lawyer/jeffery-j-hartley-usa-5:722322,www.chambers.com/law-firm/helmsing-leach-herlong-newman-rouse-pc-usa-5:74768,Band 1
Michael L Hall,"('USA', False)",Alabama,Bankruptcy/Restructuring,Burr & Forman LLP,www.chambers.com/lawyer/michael-l-hall-usa-5:428294,www.chambers.com/law-firm/burr-forman-llp-usa-5:67095,Band 1
Chris Glenos,"('USA', False)",Alabama,Bankruptcy/Restructuring,Bradley Arant Boult Cummings LLP,www.chambers.com/lawyer/chris-glenos-usa-5:718057,www.chambers.com/law-firm/bradley-arant-boult-cummings-llp-usa-5:200590,Band 2
Daniel Sparks,"('USA', False)",Alabama,Bankruptcy/Restructuring,Christian & Small LLP,www.chambers.com/lawyer/daniel-sparks-usa-5:719987,www.chambers.com/law-firm/christian-small-llp-usa-5:74767,Band 2
Leland Murphree,"('USA', False)",Alabama,Bankruptcy/Restructuring,"Maynard, Cooper & Gale P.C.",www.chambers.com/lawyer/leland-murphree-usa-5:25420470,www.chambers.com/law-firm/maynard-cooper-gale-pc-usa-5:65200,Band 2
Jeremy Retherford,"('USA', False)",Alabama,Bankruptcy/Restructuring,Balch & Bingham LLP,www.chambers.com/lawyer/jeremy-retherford-usa-5:1222942,www.chambers.com/law-firm/balch-bingham-llp-usa-5:67094,Band 2
Joe A Joseph,"('USA', False)",Alabama,Bankruptcy/Restructuring,Burr & Forman LLP,www.chambers.com/lawyer/joe-a-joseph-usa-5:253254,www.chambers.com/law-firm/burr-forman-llp-usa-5:67095,Band 2
Bill Bensinger,"('USA', False)",Alabama,Bankruptcy/Restructuring,Christian & Small LLP,www.chambers.com/lawyer/bill-bensinger-usa-5:1222687,www.chambers.com/law-firm/christian-small-llp-usa-5:74767,Band 3
Jesse S. Vogtle Jr.,"('USA', False)",Alabama,Bankruptcy/Restructuring,Waller,www.chambers.com/lawyer/jesse-s-vogtle-jr-usa-5:431936,www.chambers.com/law-firm/waller-usa-5:65866,Band 3
T. Parker Griffin Jr.,"('USA', False)",Alabama,Bankruptcy/Restructuring,Bradley Arant Boult Cummings LLP,www.chambers.com/lawyer/t-parker-griffin-jr-usa-5:25599775,www.chambers.com/law-firm/bradley-arant-boult-cummings-llp-usa-5:200590,Band 3
Eric Pruitt,"('USA', False)",Alabama,Bankruptcy/Restructuring,"Baker, Donelson, Bearman, Caldwell & Berkowitz, PC",www.chambers.com/lawyer/eric-pruitt-usa-5:719973,www.chambers.com/law-firm/baker-donelson-bearman-caldwell-berkowitz-pc-usa-5:118396,Band 3
Marc P. Solomon,"('USA', False)",Alabama,Bankruptcy/Restructuring,Burr & Forman LLP,www.chambers.com/lawyer/marc-p-solomon-usa-5:1220645,www.chambers.com/law-firm/burr-forman-llp-usa-5:67095,Band 3
Matthew M Cahill,"('USA', False)",Alabama,Bankruptcy/Restructuring,"Baker, Donelson, Bearman, Caldwell & Berkowitz, PC",www.chambers.com/lawyer/matthew-m-cahill-usa-5:25420679,www.chambers.com/law-firm/baker-donelson-bearman-caldwell-berkowitz-pc-usa-5:118396,Band 3
"C. Ellis Brazeal, III","('USA', False)",Alabama,Bankruptcy/Restructuring,Jones Walker LLP,www.chambers.com/lawyer/c-ellis-brazeal-iii-usa-5:1222587,www.chambers.com/law-firm/jones-walker-llp-usa-5:3816,Band 4
Cathleen C Moore,"('USA', False)",Alabama,Bankruptcy/Restructuring,Bradley Arant Boult Cummings LLP,www.chambers.com/lawyer/cathleen-c-moore-usa-5:25415744,www.chambers.com/law-firm/bradley-arant-boult-cummings-llp-usa-5:200590,Band 4
Eric Ray,"('USA', False)",Alabama,Bankruptcy/Restructuring,Waller,www.chambers.com/lawyer/eric-ray-usa-5:575828,www.chambers.com/law-firm/waller-usa-5:65866,Band 4
Christopher L. Hawkins,"('USA', False)",Alabama,Bankruptcy/Restructuring,Limbo,www.chambers.com/lawyer/christopher-l-hawkins-usa-5:1220642,www.chambers.com/law-firm/limbo-usa-5:0,Band 4
D Christopher Carson,"('USA', False)",Alabama,Bankruptcy/Restructuring,Burr & Forman LLP,www.chambers.com/lawyer/d-christopher-carson-usa-5:431420,www.chambers.com/law-firm/burr-forman-llp-usa-5:67095,Band 4
Heather A. Jamison,"('USA', False)",Alabama,Bankruptcy/Restructuring,Burr & Forman LLP,www.chambers.com/lawyer/heather-a-jamison-usa-5:1220625,www.chambers.com/law-firm/burr-forman-llp-usa-5:67095,Band 4
E Mabry Rogers,"('USA', False)",Alabama,Construction,Bradley Arant Boult Cummings LLP,www.chambers.com/lawyer/e-mabry-rogers-usa-5:238744,www.chambers.com/law-firm/bradley-arant-boult-cummings-llp-usa-5:200590,Band 1
Edward P Meyerson,"('USA', False)",Alabama,Construction,"Baker, Donelson, Bearman, Caldwell & Berkowitz, PC",www.chambers.com/lawyer/edward-p-meyerson-usa-5:316127,www.chambers.com/law-firm/baker-donelson-bearman-caldwell-berkowitz-pc-usa-5:118396,Band 1
Arlan D. Lewis,"('USA', False)",Alabama,Construction,Blueprint Construction Counsel LLP,www.chambers.com/lawyer/arlan-d-lewis-usa-5:26154971,www.chambers.com/law-firm/blueprint-construction-counsel-llp-usa-5:22614279,Band 2
Jim Archibald,"('USA', False)",Alabama,Construction,Bradley Arant Boult Cummings LLP,www.chambers.com/lawyer/jim-archibald-usa-5:1214010,www.chambers.com/law-firm/bradley-arant-boult-cummings-llp-usa-5:200590,Band 2
J. Lister Hubbard,"('USA', False)",Alabama,Construction,Capell & Howard,www.chambers.com/lawyer/j-lister-hubbard-usa-5:25969653,www.chambers.com/law-firm/capell-howard-usa-5:74346,Band 2
Kevin R Garrison,"('USA', False)",Alabama,Construction,"Baker, Donelson, Bearman, Caldwell & Berkowitz, PC",www.chambers.com/lawyer/kevin-r-garrison-usa-5:25373131,www.chambers.com/law-firm/baker-donelson-bearman-caldwell-berkowitz-pc-usa-5:118396,Up and Coming
Edward R Christian,"('USA', False)",Alabama,Corporate/Commercial,Burr & Forman LLP,www.chambers.com/lawyer/edward-r-christian-usa-5:268785,www.chambers.com/law-firm/burr-forman-llp-usa-5:67095,Eminent Practitioners
Lee Thuston,"('USA', False)",Alabama,Corporate/Commercial,Burr & Forman LLP,www.chambers.com/lawyer/lee-thuston-usa-5:173538,www.chambers.com/law-firm/burr-forman-llp-usa-5:67095,Eminent Practitioners
Gregory S Curran,"('USA', False)",Alabama,Corporate/Commercial,"Maynard, Cooper & Gale P.C.",www.chambers.com/lawyer/gregory-s-curran-usa-5:173531,www.chambers.com/law-firm/maynard-cooper-gale-pc-usa-5:65200,Band 1
Harold Kushner,"('USA', False)",Alabama,Corporate/Commercial,Bradley Arant Boult Cummings LLP,www.chambers.com/lawyer/harold-kushner-usa-5:173532,www.chambers.com/law-firm/bradley-arant-boult-cummings-llp-usa-5:200590,Band 1
Beau Grenier,"('USA', False)",Alabama,Corporate/Commercial,Jones Walker LLP,www.chambers.com/lawyer/beau-grenier-usa-5:173528,www.chambers.com/law-firm/jones-walker-llp-usa-5:3816,Band 2
Bradley J Sklar,"('USA', False)",Alabama,Corporate/Commercial,Dentons Sirote,www.chambers.com/lawyer/bradley-j-sklar-usa-5:148700,www.chambers.com/law-firm/dentons-sirote-usa-5:111,Band 2
James W Childs Jr,"('USA', False)",Alabama,Corporate/Commercial,"Maynard, Cooper & Gale P.C.",www.chambers.com/lawyer/james-w-childs-jr-usa-5:268636,www.chambers.com/law-firm/maynard-cooper-gale-pc-usa-5:65200,Band 2
John Dulin,"('USA', False)",Alabama,Corporate/Commercial,"Maynard, Cooper & Gale P.C.",www.chambers.com/lawyer/john-dulin-usa-5:376055,www.chambers.com/law-firm/maynard-cooper-gale-pc-usa-5:65200,Band 2
Timothy W. Gregg,"('USA', False)",Alabama,Corporate/Commercial,"Maynard, Cooper & Gale P.C.",www.chambers.com/lawyer/timothy-w-gregg-usa-5:379299,www.chambers.com/law-firm/maynard-cooper-gale-pc-usa-5:65200,Band 2
Todd Carlisle,"('USA', False)",Alabama,Corporate/Commercial,Dentons Sirote,www.chambers.com/lawyer/todd-carlisle-usa-5:1210347,www.chambers.com/law-firm/dentons-sirote-usa-5:111,Band 2
Gene Price,"('USA', False)",Alabama,Corporate/Commercial,Burr & Forman LLP,www.chambers.com/lawyer/gene-price-usa-5:173530,www.chambers.com/law-firm/burr-forman-llp-usa-5:67095,Band 2
Jack Stephenson,"('USA', False)",Alabama,Corporate/Commercial,Burr & Forman LLP,www.chambers.com/lawyer/jack-stephenson-usa-5:194127,www.chambers.com/law-firm/burr-forman-llp-usa-5:67095,Band 2
Timothy J Tracy,"('USA', False)",Alabama,Corporate/Commercial,Balch & Bingham LLP,www.chambers.com/lawyer/timothy-j-tracy-usa-5:218542,www.chambers.com/law-firm/balch-bingham-llp-usa-5:67094,Band 2
Bradley Wood,"('USA', False)",Alabama,Corporate/Commercial,"Maynard, Cooper & Gale P.C.",www.chambers.com/lawyer/bradley-wood-usa-5:1398717,www.chambers.com/law-firm/maynard-cooper-gale-pc-usa-5:65200,Band 3
J. Andrew Robison,"('USA', False)",Alabama,Corporate/Commercial,Bradley Arant Boult Cummings LLP,www.chambers.com/lawyer/j-andrew-robison-usa-5:1221544,www.chambers.com/law-firm/bradley-arant-boult-cummings-llp-usa-5:200590,Band 3
John H Cooper,"('USA', False)",Alabama,Corporate/Commercial,Dentons Sirote,www.chambers.com/lawyer/john-h-cooper-usa-5:148650,www.chambers.com/law-firm/dentons-sirote-usa-5:111,Band 3
Russell L Irby III,"('USA', False)",Alabama,Corporate/Commercial,Butler Snow LLP,www.chambers.com/lawyer/russell-l-irby-iii-usa-5:269217,www.chambers.com/law-firm/butler-snow-llp-usa-5:65577,Band 3
Stuart Maxey,"('USA', False)",Alabama,Corporate/Commercial,Bradley Arant Boult Cummings LLP,www.chambers.com/lawyer/stuart-maxey-usa-5:569210,www.chambers.com/law-firm/bradley-arant-boult-cummings-llp-usa-5:200590,Band 3
April Mason,"('USA', False)",Alabama,Corporate/Commercial,Burr & Forman LLP,www.chambers.com/lawyer/april-mason-usa-5:591808,www.chambers.com/law-firm/burr-forman-llp-usa-5:67095,Band 3
Chris Still,"('USA', False)",Alabama,Corporate/Commercial,Balch & Bingham LLP,www.chambers.com/lawyer/chris-still-usa-5:26161232,www.chambers.com/law-firm/balch-bingham-llp-usa-5:67094,Band 3
Michael Thomason,"('USA', False)",Alabama,Corporate/Commercial,Bradley Arant Boult Cummings LLP,www.chambers.com/lawyer/michael-thomason-usa-5:25546385,www.chambers.com/law-firm/bradley-arant-boult-cummings-llp-usa-5:200590,Up and Coming
Callie Whatley,"('USA', False)",Alabama,Corporate/Commercial,Burr & Forman LLP,www.chambers.com/lawyer/callie-whatley-usa-5:26360568,www.chambers.com/law-firm/burr-forman-llp-usa-5:67095,Up and Coming
H. Thomas Wells,"('USA', False)",Alabama,Environment,"Maynard, Cooper & Gale P.C.",www.chambers.com/lawyer/h-thomas-wells-usa-5:574758,www.chambers.com/law-firm/maynard-cooper-gale-pc-usa-5:65200,Senior Statespeople
Chris Williams,"('USA', False)",Alabama,Environment,"Maynard, Cooper & Gale P.C.",www.chambers.com/lawyer/chris-williams-usa-5:25418873,www.chambers.com/law-firm/maynard-cooper-gale-pc-usa-5:65200,Band 1
William S. Cox III,"('USA', False)",Alabama,Environment,Bradley Arant Boult Cummings LLP,www.chambers.com/lawyer/william-s-cox-iii-usa-5:25421384,www.chambers.com/law-firm/bradley-arant-boult-cummings-llp-usa-5:200590,Band 1
C Grady Moore III,"('USA', False)",Alabama,Environment,Balch & Bingham LLP,www.chambers.com/lawyer/c-grady-moore-iii-usa-5:1356383,www.chambers.com/law-firm/balch-bingham-llp-usa-5:67094,Band 1
P Stephen Gidiere III,"('USA', False)",Alabama,Environment,Balch & Bingham LLP,www.chambers.com/lawyer/p-stephen-gidiere-iii-usa-5:866111,www.chambers.com/law-firm/balch-bingham-llp-usa-5:67094,Band 1
Joel Kuehnert,"('USA', False)",Alabama,Environment,Bradley Arant Boult Cummings LLP,www.chambers.com/lawyer/joel-kuehnert-usa-5:25604598,www.chambers.com/law-firm/bradley-arant-boult-cummings-llp-usa-5:200590,Band 2
D. Bart Turner,"('USA', False)",Alabama,Environment,Kazmarek Mowrey Cloud Laseter LLP,www.chambers.com/lawyer/d-bart-turner-usa-5:25762759,www.chambers.com/law-firm/kazmarek-mowrey-cloud-laseter-llp-usa-5:160684,Band 2
J. Alan Truitt,"('USA', False)",Alabama,Environment,Kazmarek Mowrey Cloud Laseter LLP,www.chambers.com/lawyer/j-alan-truitt-usa-5:1394042,www.chambers.com/law-firm/kazmarek-mowrey-cloud-laseter-llp-usa-5:160684,Band 2
James L. Noles Jr.,"('USA', False)",Alabama,Environment,Barze Taylor Noles Lowther LLC,www.chambers.com/lawyer/james-l-noles-jr-usa-5:25778773,www.chambers.com/law-firm/barze-taylor-noles-lowther-llc-usa-5:23040247,Band 2
Neil Johnston,"('USA', False)",Alabama,Environment,Hand Arendall Harrison Sale LLC,www.chambers.com/lawyer/neil-johnston-usa-5:1397551,www.chambers.com/law-firm/hand-arendall-harrison-sale-llc-usa-5:74267,Band 2
David Roth,"('USA', False)",Alabama,Environment,Bradley Arant Boult Cummings LLP,www.chambers.com/lawyer/david-roth-usa-5:610835,www.chambers.com/law-firm/bradley-arant-boult-cummings-llp-usa-5:200590,Band 3
Byron Bart Slawson,"('USA', False)",Alabama,Environment,"Slawson, Esq. P.C.",www.chambers.com/lawyer/byron-bart-slawson-usa-5:25791544,www.chambers.com/law-firm/slawson-esq-pc-usa-5:23032048,Band 3
John M Johnson,"('USA', False)",Alabama,Environment,"Lightfoot, Franklin & White, LLC",www.chambers.com/lawyer/john-m-johnson-usa-5:284563,www.chambers.com/law-firm/lightfoot-franklin-white-llc-usa-5:65199,Band 3
Rebecca Wright Pritchett,"('USA', False)",Alabama,Environment,Adams and Reese LLP,www.chambers.com/lawyer/rebecca-wright-pritchett-usa-5:148690,www.chambers.com/law-firm/adams-and-reese-llp-usa-5:65472,Band 3
Rhon E Jones,"('USA', False)",Alabama,Environment,"Beasley, Allen, Crow, Methvin, Portis & Miles, PC",www.chambers.com/lawyer/rhon-e-jones-usa-5:25788031,www.chambers.com/law-firm/beasley-allen-crow-methvin-portis-miles-pc-usa-5:74756,Band 3
Richard Davis,"('USA', False)",Alabama,Environment,Starnes Davis Florie LLP,www.chambers.com/lawyer/richard-davis-usa-5:427059,www.chambers.com/law-firm/starnes-davis-florie-llp-usa-5:74763,Band 3
Steven A Burns,"('USA', False)",Alabama,Environment,Balch & Bingham LLP,www.chambers.com/lawyer/steven-a-burns-usa-5:1348918,www.chambers.com/law-firm/balch-bingham-llp-usa-5:67094,Band 3
Julia Barber,"('USA', False)",Alabama,Environment,Balch & Bingham LLP,www.chambers.com/lawyer/julia-barber-usa-5:25969480,www.chambers.com/law-firm/balch-bingham-llp-usa-5:67094,Up and Coming
Schuyler Espy,"('USA', False)",Alabama,Environment,Burr & Forman LLP,www.chambers.com/lawyer/schuyler-espy-usa-5:26379796,www.chambers.com/law-firm/burr-forman-llp-usa-5:67095,Up and Coming
Thomas DeLawrence,"('USA', False)",Alabama,Environment,Balch & Bingham LLP,www.chambers.com/lawyer/thomas-delawrence-usa-5:26360278,www.chambers.com/law-firm/balch-bingham-llp-usa-5:67094,Up and Coming
Colin H Luke,"('USA', False)",Alabama,Healthcare,Waller,www.chambers.com/lawyer/colin-h-luke-usa-5:377361,www.chambers.com/law-firm/waller-usa-5:65866,Band 1
James Pool,"('USA', False)",Alabama,Healthcare,"Maynard, Cooper & Gale P.C.",www.chambers.com/lawyer/james-pool-usa-5:1397169,www.chambers.com/law-firm/maynard-cooper-gale-pc-usa-5:65200,Band 1
Susan Doughton,"('USA', False)",Alabama,Healthcare,"Dominick Feld Hyde, P.C.",www.chambers.com/lawyer/susan-doughton-usa-5:25604450,www.chambers.com/law-firm/dominick-feld-hyde-pc-usa-5:22951144,Band 1
William W. Horton,"('USA', False)",Alabama,Healthcare,Jones Walker LLP,www.chambers.com/lawyer/william-w-horton-usa-5:1505702,www.chambers.com/law-firm/jones-walker-llp-usa-5:3816,Band 1
Howard Bogard,"('USA', False)",Alabama,Healthcare,Burr & Forman LLP,www.chambers.com/lawyer/howard-bogard-usa-5:924679,www.chambers.com/law-firm/burr-forman-llp-usa-5:67095,Band 1
Dan Murphy,"('USA', False)",Alabama,Healthcare,Bradley Arant Boult Cummings LLP,www.chambers.com/lawyer/dan-murphy-usa-5:1401423,www.chambers.com/law-firm/bradley-arant-boult-cummings-llp-usa-5:200590,Band 2
Richard J Brockman,"('USA', False)",Alabama,Healthcare,Burr & Forman LLP,www.chambers.com/lawyer/richard-j-brockman-usa-5:218818,www.chambers.com/law-firm/burr-forman-llp-usa-5:67095,Band 2
Jennifer Clark,"('USA', False)",Alabama,Healthcare,Bradley Arant Boult Cummings LLP,www.chambers.com/lawyer/jennifer-clark-usa-5:25605839,www.chambers.com/law-firm/bradley-arant-boult-cummings-llp-usa-5:200590,Band 3
Judd Harwood,"('USA', False)",Alabama,Healthcare,Bradley Arant Boult Cummings LLP,www.chambers.com/lawyer/judd-harwood-usa-5:25604410,www.chambers.com/law-firm/bradley-arant-boult-cummings-llp-usa-5:200590,Band 3
James Hoover,"('USA', False)",Alabama,Healthcare,Burr & Forman LLP,www.chambers.com/lawyer/james-hoover-usa-5:25604452,www.chambers.com/law-firm/burr-forman-llp-usa-5:67095,Band 3
Joe Campbell,"('USA', False)",Alabama,Healthcare,"Baker, Donelson, Bearman, Caldwell & Berkowitz, PC",www.chambers.com/lawyer/joe-campbell-usa-5:1213031,www.chambers.com/law-firm/baker-donelson-bearman-caldwell-berkowitz-pc-usa-5:118396,Band 3
Dan Martin,"('USA', False)",Alabama,Healthcare,Jones Walker LLP,www.chambers.com/lawyer/dan-martin-usa-5:25960819,www.chambers.com/law-firm/jones-walker-llp-usa-5:3816,Band 4
Jack Levy,"('USA', False)",Alabama,Healthcare,Bradley Arant Boult Cummings LLP,www.chambers.com/lawyer/jack-levy-usa-5:25605584,www.chambers.com/law-firm/bradley-arant-boult-cummings-llp-usa-5:200590,Band 4
Joel C. Porter,"('USA', False)",Alabama,Healthcare,"Maynard, Cooper & Gale P.C.",www.chambers.com/lawyer/joel-c-porter-usa-5:25787819,www.chambers.com/law-firm/maynard-cooper-gale-pc-usa-5:65200,Band 4
John Lanier,"('USA', False)",Alabama,Healthcare,"Maynard, Cooper & Gale P.C.",www.chambers.com/lawyer/john-lanier-usa-5:25606572,www.chambers.com/law-firm/maynard-cooper-gale-pc-usa-5:65200,Band 4
Kristen Larremore,"('USA', False)",Alabama,Healthcare,Waller,www.chambers.com/lawyer/kristen-larremore-usa-5:25606589,www.chambers.com/law-firm/waller-usa-5:65866,Band 4
Lauren DeMoss,"('USA', False)",Alabama,Healthcare,"Maynard, Cooper & Gale P.C.",www.chambers.com/lawyer/lauren-demoss-usa-5:25606570,www.chambers.com/law-firm/maynard-cooper-gale-pc-usa-5:65200,Band 4
Richard E Smith,"('USA', False)",Alabama,Healthcare,Christian & Small LLP,www.chambers.com/lawyer/richard-e-smith-usa-5:241724,www.chambers.com/law-firm/christian-small-llp-usa-5:74767,Band 4
James F. Henry,"('USA', False)",Alabama,Healthcare,Phelps Dunbar LLP,www.chambers.com/lawyer/james-f-henry-usa-5:25791586,www.chambers.com/law-firm/phelps-dunbar-llp-usa-5:65485,Band 4
Kelli Fleming,"('USA', False)",Alabama,Healthcare,Burr & Forman LLP,www.chambers.com/lawyer/kelli-fleming-usa-5:25608823,www.chambers.com/law-firm/burr-forman-llp-usa-5:67095,Band 4
Fern H Singer,"('USA', False)",Alabama,Labor & Employment,Watterson & Singer PC,www.chambers.com/lawyer/fern-h-singer-usa-5:170211,www.chambers.com/law-firm/watterson-singer-pc-usa-5:310557,Senior Statespeople
Anne Yuengert,"('USA', False)",Alabama,Labor & Employment,Bradley Arant Boult Cummings LLP,www.chambers.com/lawyer/anne-yuengert-usa-5:721352,www.chambers.com/law-firm/bradley-arant-boult-cummings-llp-usa-5:200590,Band 1
David M Smith,"('USA', False)",Alabama,Labor & Employment,"Maynard, Cooper & Gale P.C.",www.chambers.com/lawyer/david-m-smith-usa-5:158876,www.chambers.com/law-firm/maynard-cooper-gale-pc-usa-5:65200,Band 1
Jay D St. Clair,"('USA', False)",Alabama,Labor & Employment,"Littler Mendelson, PC",www.chambers.com/lawyer/jay-d-st-clair-usa-5:218973,www.chambers.com/law-firm/littler-mendelson-pc-usa-5:2816,Band 1
Carole G Miller,"('USA', False)",Alabama,Labor & Employment,"Bressler, Amery & Ross, P.C.",www.chambers.com/lawyer/carole-g-miller-usa-5:376839,www.chambers.com/law-firm/bressler-amery-ross-pc-usa-5:76380,Band 1
David J Middlebrooks,"('USA', False)",Alabama,Labor & Employment,"Lehr Middlebrooks Vreeland & Thompson, P.C.",www.chambers.com/lawyer/david-j-middlebrooks-usa-5:156861,www.chambers.com/law-firm/lehr-middlebrooks-vreeland-thompson-pc-usa-5:68262,Band 1
Jeff Starling III,"('USA', False)",Alabama,Labor & Employment,Balch & Bingham LLP,www.chambers.com/lawyer/jeff-starling-iii-usa-5:240353,www.chambers.com/law-firm/balch-bingham-llp-usa-5:67094,Band 1
John Coleman,"('USA', False)",Alabama,Labor & Employment,Burr & Forman LLP,www.chambers.com/lawyer/john-coleman-usa-5:154388,www.chambers.com/law-firm/burr-forman-llp-usa-5:67095,Band 1
Richard Lehr,"('USA', False)",Alabama,Labor & Employment,"Lehr Middlebrooks Vreeland & Thompson, P.C.",www.chambers.com/lawyer/richard-lehr-usa-5:218832,www.chambers.com/law-firm/lehr-middlebrooks-vreeland-thompson-pc-usa-5:68262,Band 1
Charles A Powell IV,"('USA', False)",Alabama,Labor & Employment,"Littler Mendelson, PC",www.chambers.com/lawyer/charles-a-powell-iv-usa-5:376791,www.chambers.com/law-firm/littler-mendelson-pc-usa-5:2816,Band 2
John Hargrove,"('USA', False)",Alabama,Labor & Employment,Bradley Arant Boult Cummings LLP,www.chambers.com/lawyer/john-hargrove-usa-5:429182,www.chambers.com/law-firm/bradley-arant-boult-cummings-llp-usa-5:200590,Band 2
T Matthew Miller,"('USA', False)",Alabama,Labor & Employment,Bradley Arant Boult Cummings LLP,www.chambers.com/lawyer/t-matthew-miller-usa-5:377314,www.chambers.com/law-firm/bradley-arant-boult-cummings-llp-usa-5:200590,Band 2
Albert L Vreeland,"('USA', False)",Alabama,Labor & Employment,"Lehr Middlebrooks Vreeland & Thompson, P.C.",www.chambers.com/lawyer/albert-l-vreeland-usa-5:217927,www.chambers.com/law-firm/lehr-middlebrooks-vreeland-thompson-pc-usa-5:68262,Band 2
Arnold W Umbach III,"('USA', False)",Alabama,Labor & Employment,Starnes Davis Florie LLP,www.chambers.com/lawyer/arnold-w-umbach-iii-usa-5:376750,www.chambers.com/law-firm/starnes-davis-florie-llp-usa-5:74763,Band 2
James C Pennington,"('USA', False)",Alabama,Labor & Employment,"Ogletree, Deakins, Nash, Smoak & Stewart, PC",www.chambers.com/lawyer/james-c-pennington-usa-5:154376,www.chambers.com/law-firm/ogletree-deakins-nash-smoak-stewart-pc-usa-5:66673,Band 2
Marcel Debruge,"('USA', False)",Alabama,Labor & Employment,Burr & Forman LLP,www.chambers.com/lawyer/marcel-debruge-usa-5:156864,www.chambers.com/law-firm/burr-forman-llp-usa-5:67095,Band 2
Michael L Lucas,"('USA', False)",Alabama,Labor & Employment,Burr & Forman LLP,www.chambers.com/lawyer/michael-l-lucas-usa-5:268330,www.chambers.com/law-firm/burr-forman-llp-usa-5:67095,Band 2
Stephen E Brown,"('USA', False)",Alabama,Labor & Employment,"Bressler, Amery & Ross, P.C.",www.chambers.com/lawyer/stephen-e-brown-usa-5:154374,www.chambers.com/law-firm/bressler-amery-ross-pc-usa-5:76380,Band 2
David Walston,"('USA', False)",Alabama,Labor & Employment,Christian & Small LLP,www.chambers.com/lawyer/david-walston-usa-5:26156108,www.chambers.com/law-firm/christian-small-llp-usa-5:74767,Band 3
Jennifer Swain,"('USA', False)",Alabama,Labor & Employment,"Littler Mendelson, PC",www.chambers.com/lawyer/jennifer-swain-usa-5:569188,www.chambers.com/law-firm/littler-mendelson-pc-usa-5:2816,Band 3
John B. Holmes,"('USA', False)",Alabama,Labor & Employment,"Maynard, Cooper & Gale P.C.",www.chambers.com/lawyer/john-b-holmes-usa-5:1394032,www.chambers.com/law-firm/maynard-cooper-gale-pc-usa-5:65200,Band 3
Matthew Stiles,"('USA', False)",Alabama,Labor & Employment,"Maynard, Cooper & Gale P.C.",www.chambers.com/lawyer/matthew-stiles-usa-5:430404,www.chambers.com/law-firm/maynard-cooper-gale-pc-usa-5:65200,Band 3
Tammy L Baker,"('USA', False)",Alabama,Labor & Employment,Jackson Lewis P.C.,www.chambers.com/lawyer/tammy-l-baker-usa-5:222420,www.chambers.com/law-firm/jackson-lewis-pc-usa-5:137609,Band 3
Thomas A Davis,"('USA', False)",Alabama,Labor & Employment,Jackson Lewis P.C.,www.chambers.com/lawyer/thomas-a-davis-usa-5:218296,www.chambers.com/law-firm/jackson-lewis-pc-usa-5:137609,Band 3
Warren B. Lightfoot Jr,"('USA', False)",Alabama,Labor & Employment,"Maynard, Cooper & Gale P.C.",www.chambers.com/lawyer/warren-b-lightfoot-jr-usa-5:379295,www.chambers.com/law-firm/maynard-cooper-gale-pc-usa-5:65200,Band 3
Bryance Metheny,"('USA', False)",Alabama,Labor & Employment,Burr & Forman LLP,www.chambers.com/lawyer/bryance-metheny-usa-5:723941,www.chambers.com/law-firm/burr-forman-llp-usa-5:67095,Band 3
Douglas B. Kauffman,"('USA', False)",Alabama,Labor & Employment,Balch & Bingham LLP,www.chambers.com/lawyer/douglas-b-kauffman-usa-5:379771,www.chambers.com/law-firm/balch-bingham-llp-usa-5:67094,Band 3
Michael Thompson,"('USA', False)",Alabama,Labor & Employment,"Lehr Middlebrooks Vreeland & Thompson, P.C.",www.chambers.com/lawyer/michael-thompson-usa-5:723996,www.chambers.com/law-firm/lehr-middlebrooks-vreeland-thompson-pc-usa-5:68262,Band 3
Janell M. Ahnert,"('USA', False)",Alabama,Labor & Employment,"Littler Mendelson, PC",www.chambers.com/lawyer/janell-m-ahnert-usa-5:691708,www.chambers.com/law-firm/littler-mendelson-pc-usa-5:2816,Band 4
Stephanie Houston Mays,"('USA', False)",Alabama,Labor & Employment,"Maynard, Cooper & Gale P.C.",www.chambers.com/lawyer/stephanie-houston-mays-usa-5:25418710,www.chambers.com/law-firm/maynard-cooper-gale-pc-usa-5:65200,Band 4
Alfred Perkins,"('USA', False)",Alabama,Labor & Employment,Starnes Davis Florie LLP,www.chambers.com/lawyer/alfred-perkins-usa-5:26359787,www.chambers.com/law-firm/starnes-davis-florie-llp-usa-5:74763,Band 4
Breanna Young,"('USA', False)",Alabama,Labor & Employment,Starnes Davis Florie LLP,www.chambers.com/lawyer/breanna-young-usa-5:1537765,www.chambers.com/law-firm/starnes-davis-florie-llp-usa-5:74763,Band 4
Jenna Bedsole,"('USA', False)",Alabama,Labor & Employment,"Baker, Donelson, Bearman, Caldwell & Berkowitz, PC",www.chambers.com/lawyer/jenna-bedsole-usa-5:1210159,www.chambers.com/law-firm/baker-donelson-bearman-caldwell-berkowitz-pc-usa-5:118396,Band 4
Kathryn M. Willis,"('USA', False)",Alabama,Labor & Employment,Burr & Forman LLP,www.chambers.com/lawyer/kathryn-m-willis-usa-5:583973,www.chambers.com/law-firm/burr-forman-llp-usa-5:67095,Band 4
Matthew Penfield,"('USA', False)",Alabama,Labor & Employment,"Bressler, Amery & Ross, P.C.",www.chambers.com/lawyer/matthew-penfield-usa-5:1544178,www.chambers.com/law-firm/bressler-amery-ross-pc-usa-5:76380,Band 4
Richard Brown,"('USA', False)",Alabama,Labor & Employment,"Constangy, Brooks, Smith & Prophete, LLP",www.chambers.com/lawyer/richard-brown-usa-5:575947,www.chambers.com/law-firm/constangy-brooks-smith-prophete-llp-usa-5:65333,Band 4
Deborah Smith,"('USA', False)",Alabama,Litigation: Appellate,Christian & Small LLP,www.chambers.com/lawyer/deborah-smith-usa-5:1390279,www.chambers.com/law-firm/christian-small-llp-usa-5:74767,Band 1
John Neiman,"('USA', False)",Alabama,Litigation: Appellate,"Maynard, Cooper & Gale P.C.",www.chambers.com/lawyer/john-neiman-usa-5:1543733,www.chambers.com/law-firm/maynard-cooper-gale-pc-usa-5:65200,Band 1
Lee E Bains Jr,"('USA', False)",Alabama,Litigation: Appellate,"Maynard, Cooper & Gale P.C.",www.chambers.com/lawyer/lee-e-bains-jr-usa-5:170309,www.chambers.com/law-firm/maynard-cooper-gale-pc-usa-5:65200,Band 1
Matthew Lembke,"('USA', False)",Alabama,Litigation: Appellate,Bradley Arant Boult Cummings LLP,www.chambers.com/lawyer/matthew-lembke-usa-5:170219,www.chambers.com/law-firm/bradley-arant-boult-cummings-llp-usa-5:200590,Band 1
Scott Smith,"('USA', False)",Alabama,Litigation: Appellate,Bradley Arant Boult Cummings LLP,www.chambers.com/lawyer/scott-smith-usa-5:1400596,www.chambers.com/law-firm/bradley-arant-boult-cummings-llp-usa-5:200590,Band 1
Ed Haden,"('USA', False)",Alabama,Litigation: Appellate,Balch & Bingham LLP,www.chambers.com/lawyer/ed-haden-usa-5:1400599,www.chambers.com/law-firm/balch-bingham-llp-usa-5:67094,Band 1
M Christian King,"('USA', False)",Alabama,Litigation: Appellate,"Lightfoot, Franklin & White, LLC",www.chambers.com/lawyer/m-christian-king-usa-5:170303,www.chambers.com/law-firm/lightfoot-franklin-white-llc-usa-5:65199,Band 1
Stanley E Blackmon,"('USA', False)",Alabama,Litigation: Appellate,Bradley Arant Boult Cummings LLP,www.chambers.com/lawyer/stanley-e-blackmon-usa-5:25969514,www.chambers.com/law-firm/bradley-arant-boult-cummings-llp-usa-5:200590,Associates to watch
Crawford S McGivaren Jr,"('USA', False)",Alabama,Litigation: General Commercial,Phelps Dunbar LLP,www.chambers.com/lawyer/crawford-s-mcgivaren-jr-usa-5:170226,www.chambers.com/law-firm/phelps-dunbar-llp-usa-5:65485,Senior Statespeople
Michael L Edwards,"('USA', False)",Alabama,Litigation: General Commercial,Balch & Bingham LLP,www.chambers.com/lawyer/michael-l-edwards-usa-5:170205,www.chambers.com/law-firm/balch-bingham-llp-usa-5:67094,Senior Statespeople
Samuel H Franklin,"('USA', False)",Alabama,Litigation: General Commercial,"Lightfoot, Franklin & White, LLC",www.chambers.com/lawyer/samuel-h-franklin-usa-5:170301,www.chambers.com/law-firm/lightfoot-franklin-white-llc-usa-5:65199,Senior Statespeople
Maibeth Porter,"('USA', False)",Alabama,Litigation: General Commercial,"Maynard, Cooper & Gale P.C.",www.chambers.com/lawyer/maibeth-porter-usa-5:377591,www.chambers.com/law-firm/maynard-cooper-gale-pc-usa-5:65200,Band 1
Bruce F Rogers,"('USA', False)",Alabama,Litigation: General Commercial,"Bainbridge, Mims, Rogers & Smith, LLP",www.chambers.com/lawyer/bruce-f-rogers-usa-5:222431,www.chambers.com/law-firm/bainbridge-mims-rogers-smith-llp-usa-5:99946,Band 1
David R Boyd,"('USA', False)",Alabama,Litigation: General Commercial,Balch & Bingham LLP,www.chambers.com/lawyer/david-r-boyd-usa-5:222534,www.chambers.com/law-firm/balch-bingham-llp-usa-5:67094,Band 1
Harlan Prater,"('USA', False)",Alabama,Litigation: General Commercial,"Lightfoot, Franklin & White, LLC",www.chambers.com/lawyer/harlan-prater-usa-5:723773,www.chambers.com/law-firm/lightfoot-franklin-white-llc-usa-5:65199,Band 1
Robert Spotswood,"('USA', False)",Alabama,Litigation: General Commercial,Spotswood Sansom & Sansbury LLC,www.chambers.com/lawyer/robert-spotswood-usa-5:569575,www.chambers.com/law-firm/spotswood-sansom-sansbury-llc-usa-5:123208,Band 1
Michael Mulvaney,"('USA', False)",Alabama,Litigation: General Commercial,"Maynard, Cooper & Gale P.C.",www.chambers.com/lawyer/michael-mulvaney-usa-5:377327,www.chambers.com/law-firm/maynard-cooper-gale-pc-usa-5:65200,Band 2
Michael Pennington,"('USA', False)",Alabama,Litigation: General Commercial,Bradley Arant Boult Cummings LLP,www.chambers.com/lawyer/michael-pennington-usa-5:428192,www.chambers.com/law-firm/bradley-arant-boult-cummings-llp-usa-5:200590,Band 2
Adam K Peck,"('USA', False)",Alabama,Litigation: General Commercial,"Lightfoot, Franklin & White, LLC",www.chambers.com/lawyer/adam-k-peck-usa-5:286178,www.chambers.com/law-firm/lightfoot-franklin-white-llc-usa-5:65199,Band 2
Brian McCarthy,"('USA', False)",Alabama,Litigation: General Commercial,McDowell Knight Roedder & Sledge LLC,www.chambers.com/lawyer/brian-mccarthy-usa-5:1202672,www.chambers.com/law-firm/mcdowell-knight-roedder-sledge-llc-usa-5:74769,Band 2
Jay Ezelle,"('USA', False)",Alabama,Litigation: General Commercial,Starnes Davis Florie LLP,www.chambers.com/lawyer/jay-ezelle-usa-5:476811,www.chambers.com/law-firm/starnes-davis-florie-llp-usa-5:74763,Band 2
Robert Segall,"('USA', False)",Alabama,Litigation: General Commercial,"Copeland, Franco, Screws & Gill",www.chambers.com/lawyer/robert-segall-usa-5:170232,www.chambers.com/law-firm/copeland-franco-screws-gill-usa-5:74348,Band 2
Tabor Novak,"('USA', False)",Alabama,Litigation: General Commercial,"Ball, Ball, Matthews & Novak",www.chambers.com/lawyer/tabor-novak-usa-5:170284,www.chambers.com/law-firm/ball-ball-matthews-novak-usa-5:74793,Band 2
John Bolus,"('USA', False)",Alabama,Litigation: General Commercial,"Maynard, Cooper & Gale P.C.",www.chambers.com/lawyer/john-bolus-usa-5:377427,www.chambers.com/law-firm/maynard-cooper-gale-pc-usa-5:65200,Band 3
Larry B. Childs,"('USA', False)",Alabama,Litigation: General Commercial,Waller,www.chambers.com/lawyer/larry-b-childs-usa-5:376732,www.chambers.com/law-firm/waller-usa-5:65866,Band 3
Lee E Bains Jr,"('USA', False)",Alabama,Litigation: General Commercial,"Maynard, Cooper & Gale P.C.",www.chambers.com/lawyer/lee-e-bains-jr-usa-5:170309,www.chambers.com/law-firm/maynard-cooper-gale-pc-usa-5:65200,Band 3
Robert R Baugh,"('USA', False)",Alabama,Litigation: General Commercial,Dentons Sirote,www.chambers.com/lawyer/robert-r-baugh-usa-5:148637,www.chambers.com/law-firm/dentons-sirote-usa-5:111,Band 3
Sharon Stuart,"('USA', False)",Alabama,Litigation: General Commercial,Christian & Small LLP,www.chambers.com/lawyer/sharon-stuart-usa-5:1390285,www.chambers.com/law-firm/christian-small-llp-usa-5:74767,Band 3
Thomas Thagard,"('USA', False)",Alabama,Litigation: General Commercial,"Maynard, Cooper & Gale P.C.",www.chambers.com/lawyer/thomas-thagard-usa-5:1209430,www.chambers.com/law-firm/maynard-cooper-gale-pc-usa-5:65200,Band 3
Tripp Haston,"('USA', False)",Alabama,Litigation: General Commercial,Bradley Arant Boult Cummings LLP,www.chambers.com/lawyer/tripp-haston-usa-5:323051,www.chambers.com/law-firm/bradley-arant-boult-cummings-llp-usa-5:200590,Band 3
William Athanas,"('USA', False)",Alabama,Litigation: General Commercial,Waller,www.chambers.com/lawyer/william-athanas-usa-5:1206831,www.chambers.com/law-firm/waller-usa-5:65866,Band 3
Alan D Thomas,"('USA', False)",Alabama,Litigation: General Commercial,"Huie, Fernambucq & Stewart, LLP",www.chambers.com/lawyer/alan-d-thomas-usa-5:715712,www.chambers.com/law-firm/huie-fernambucq-stewart-llp-usa-5:283496,Band 3
Alan T Rogers,"('USA', False)",Alabama,Litigation: General Commercial,Balch & Bingham LLP,www.chambers.com/lawyer/alan-t-rogers-usa-5:162449,www.chambers.com/law-firm/balch-bingham-llp-usa-5:67094,Band 3
Alfred Smith Jr.,"('USA', False)",Alabama,Litigation: General Commercial,"Bainbridge, Mims, Rogers & Smith, LLP",www.chambers.com/lawyer/alfred-smith-jr-usa-5:1207438,www.chambers.com/law-firm/bainbridge-mims-rogers-smith-llp-usa-5:99946,Band 3
C Paul Cavender,"('USA', False)",Alabama,Litigation: General Commercial,Burr & Forman LLP,www.chambers.com/lawyer/c-paul-cavender-usa-5:378705,www.chambers.com/law-firm/burr-forman-llp-usa-5:67095,Band 3
John W Scott,"('USA', False)",Alabama,Litigation: General Commercial,"Scott Dukes & Geisler, PC",www.chambers.com/lawyer/john-w-scott-usa-5:375738,www.chambers.com/law-firm/scott-dukes-geisler-pc-usa-5:114475,Band 3
Kenneth D Sansom,"('USA', False)",Alabama,Litigation: General Commercial,Spotswood Sansom & Sansbury LLC,www.chambers.com/lawyer/kenneth-d-sansom-usa-5:413427,www.chambers.com/law-firm/spotswood-sansom-sansbury-llc-usa-5:123208,Band 3
"R Bruce Barze, Jr","('USA', False)",Alabama,Litigation: General Commercial,Barze Taylor Noles Lowther LLC,www.chambers.com/lawyer/r-bruce-barze-jr-usa-5:1390367,www.chambers.com/law-firm/barze-taylor-noles-lowther-llc-usa-5:23040247,Band 3
Rik S Tozzi,"('USA', False)",Alabama,Litigation: General Commercial,Burr & Forman LLP,www.chambers.com/lawyer/rik-s-tozzi-usa-5:219174,www.chambers.com/law-firm/burr-forman-llp-usa-5:67095,Band 3
Robert MacKenzie,"('USA', False)",Alabama,Litigation: General Commercial,Starnes Davis Florie LLP,www.chambers.com/lawyer/robert-mackenzie-usa-5:1209415,www.chambers.com/law-firm/starnes-davis-florie-llp-usa-5:74763,Band 3
Russ Campbell,"('USA', False)",Alabama,Litigation: General Commercial,Balch & Bingham LLP,www.chambers.com/lawyer/russ-campbell-usa-5:377953,www.chambers.com/law-firm/balch-bingham-llp-usa-5:67094,Band 3
Barry Ragsdale,"('USA', False)",Alabama,Litigation: General Commercial,"Dominick Feld Hyde, P.C.",www.chambers.com/lawyer/barry-ragsdale-usa-5:1400608,www.chambers.com/law-firm/dominick-feld-hyde-pc-usa-5:22951144,Band 4
David Hymer,"('USA', False)",Alabama,Litigation: General Commercial,Bradley Arant Boult Cummings LLP,www.chambers.com/lawyer/david-hymer-usa-5:906102,www.chambers.com/law-firm/bradley-arant-boult-cummings-llp-usa-5:200590,Band 4
John Earnhardt,"('USA', False)",Alabama,Litigation: General Commercial,"Maynard, Cooper & Gale P.C.",www.chambers.com/lawyer/john-earnhardt-usa-5:1216008,www.chambers.com/law-firm/maynard-cooper-gale-pc-usa-5:65200,Band 4
Richard E Smith,"('USA', False)",Alabama,Litigation: General Commercial,Christian & Small LLP,www.chambers.com/lawyer/richard-e-smith-usa-5:241724,www.chambers.com/law-firm/christian-small-llp-usa-5:74767,Band 4
Allen Estes,"('USA', False)",Alabama,Litigation: General Commercial,Balch & Bingham LLP,www.chambers.com/lawyer/allen-estes-usa-5:577809,www.chambers.com/law-firm/balch-bingham-llp-usa-5:67094,Band 4
Augusta Dowd,"('USA', False)",Alabama,Litigation: General Commercial,White Arnold & Dowd,www.chambers.com/lawyer/augusta-dowd-usa-5:1511002,www.chambers.com/law-firm/white-arnold-dowd-usa-5:22771241,Band 4
Caine O'Rear,"('USA', False)",Alabama,Litigation: General Commercial,Hand Arendall Harrison Sale LLC,www.chambers.com/lawyer/caine-orear-usa-5:1390413,www.chambers.com/law-firm/hand-arendall-harrison-sale-llc-usa-5:74267,Band 4
Gregory Cook,"('USA', False)",Alabama,Litigation: General Commercial,Balch & Bingham LLP,www.chambers.com/lawyer/gregory-cook-usa-5:1348383,www.chambers.com/law-firm/balch-bingham-llp-usa-5:67094,Band 4
Joseph Babington,"('USA', False)",Alabama,Litigation: General Commercial,"Helmsing, Leach, Herlong, Newman & Rouse, PC",www.chambers.com/lawyer/joseph-babington-usa-5:870366,www.chambers.com/law-firm/helmsing-leach-herlong-newman-rouse-pc-usa-5:74768,Band 4
Ken Perry,"('USA', False)",Alabama,Litigation: General Commercial,Ken Perry Law Firm LLC,www.chambers.com/lawyer/ken-perry-usa-5:26358712,www.chambers.com/law-firm/ken-perry-law-firm-llc-usa-5:23277905,Band 4
Kimberly W Geisler,"('USA', False)",Alabama,Litigation: General Commercial,"Scott Dukes & Geisler, PC",www.chambers.com/lawyer/kimberly-w-geisler-usa-5:381223,www.chambers.com/law-firm/scott-dukes-geisler-pc-usa-5:114475,Band 4
M Christian King,"('USA', False)",Alabama,Litigation: General Commercial,"Lightfoot, Franklin & White, LLC",www.chambers.com/lawyer/m-christian-king-usa-5:170303,www.chambers.com/law-firm/lightfoot-franklin-white-llc-usa-5:65199,Band 4
Melody Eagan,"('USA', False)",Alabama,Litigation: General Commercial,"Lightfoot, Franklin & White, LLC",www.chambers.com/lawyer/melody-eagan-usa-5:1400618,www.chambers.com/law-firm/lightfoot-franklin-white-llc-usa-5:65199,Band 4
Michael C. Niemeyer,"('USA', False)",Alabama,Litigation: General Commercial,Hand Arendall Harrison Sale LLC,www.chambers.com/lawyer/michael-c-niemeyer-usa-5:25408471,www.chambers.com/law-firm/hand-arendall-harrison-sale-llc-usa-5:74267,Band 4
Michael Sansbury,"('USA', False)",Alabama,Litigation: General Commercial,Spotswood Sansom & Sansbury LLC,www.chambers.com/lawyer/michael-sansbury-usa-5:569590,www.chambers.com/law-firm/spotswood-sansom-sansbury-llc-usa-5:123208,Band 4
Victor L. Hayslip,"('USA', False)",Alabama,Litigation: General Commercial,Burr & Forman LLP,www.chambers.com/lawyer/victor-l-hayslip-usa-5:577976,www.chambers.com/law-firm/burr-forman-llp-usa-5:67095,Band 4
Frank Springfield,"('USA', False)",Alabama,Litigation: General Commercial,Burr & Forman LLP,www.chambers.com/lawyer/frank-springfield-usa-5:1367784,www.chambers.com/law-firm/burr-forman-llp-usa-5:67095,Up and Coming
Thomas Wells III,"('USA', False)",Alabama,Litigation: General Commercial,Starnes Davis Florie LLP,www.chambers.com/lawyer/thomas-wells-iii-usa-5:1212563,www.chambers.com/law-firm/starnes-davis-florie-llp-usa-5:74763,Up and Coming
Robert T. Cunningham,"('USA', False)",Alabama,Litigation: Mainly Plaintiffs,"Cunningham Bounds, LLC",www.chambers.com/lawyer/robert-t-cunningham-usa-5:170286,www.chambers.com/law-firm/cunningham-bounds-llc-usa-5:74765,Senior Statespeople
David H Marsh,"('USA', False)",Alabama,Litigation: Mainly Plaintiffs,"Marsh, Rickard & Bryan P.C",www.chambers.com/lawyer/david-h-marsh-usa-5:170306,www.chambers.com/law-firm/marsh-rickard-bryan-pc-usa-5:74766,Band 1
Jere L Beasley,"('USA', False)",Alabama,Litigation: Mainly Plaintiffs,"Beasley, Allen, Crow, Methvin, Portis & Miles, PC",www.chambers.com/lawyer/jere-l-beasley-usa-5:170209,www.chambers.com/law-firm/beasley-allen-crow-methvin-portis-miles-pc-usa-5:74756,Band 1
Leon Ashford,"('USA', False)",Alabama,Litigation: Mainly Plaintiffs,"Hare, Wynn, Newell & Newton LLP",www.chambers.com/lawyer/leon-ashford-usa-5:170291,www.chambers.com/law-firm/hare-wynn-newell-newton-llp-usa-5:74764,Band 1
Gregory B Breedlove,"('USA', False)",Alabama,Litigation: Mainly Plaintiffs,"Cunningham Bounds, LLC",www.chambers.com/lawyer/gregory-b-breedlove-usa-5:218739,www.chambers.com/law-firm/cunningham-bounds-llc-usa-5:74765,Band 2
"Joseph M Brown, Jr","('USA', False)",Alabama,Litigation: Mainly Plaintiffs,"Cunningham Bounds, LLC",www.chambers.com/lawyer/joseph-m-brown-jr-usa-5:1208655,www.chambers.com/law-firm/cunningham-bounds-llc-usa-5:74765,Band 2
Scott Powell,"('USA', False)",Alabama,Litigation: Mainly Plaintiffs,"Hare, Wynn, Newell & Newton LLP",www.chambers.com/lawyer/scott-powell-usa-5:1210001,www.chambers.com/law-firm/hare-wynn-newell-newton-llp-usa-5:74764,Band 2
Shay Samples,"('USA', False)",Alabama,Litigation: Mainly Plaintiffs,"Hare, Wynn, Newell & Newton LLP",www.chambers.com/lawyer/shay-samples-usa-5:1387096,www.chambers.com/law-firm/hare-wynn-newell-newton-llp-usa-5:74764,Band 2
"David S Cain, Jr","('USA', False)",Alabama,Litigation: Mainly Plaintiffs,"Cunningham Bounds, LLC",www.chambers.com/lawyer/david-s-cain-jr-usa-5:1395818,www.chambers.com/law-firm/cunningham-bounds-llc-usa-5:74765,Band 3
George W Finkbohner III,"('USA', False)",Alabama,Litigation: Mainly Plaintiffs,"Cunningham Bounds, LLC",www.chambers.com/lawyer/george-w-finkbohner-iii-usa-5:1208568,www.chambers.com/law-firm/cunningham-bounds-llc-usa-5:74765,Band 3
Greg Allen,"('USA', False)",Alabama,Litigation: Mainly Plaintiffs,"Beasley, Allen, Crow, Methvin, Portis & Miles, PC",www.chambers.com/lawyer/greg-allen-usa-5:1395729,www.chambers.com/law-firm/beasley-allen-crow-methvin-portis-miles-pc-usa-5:74756,Band 3
Lucy Tufts,"('USA', False)",Alabama,Litigation: Mainly Plaintiffs,"Cunningham Bounds, LLC",www.chambers.com/lawyer/lucy-tufts-usa-5:26162493,www.chambers.com/law-firm/cunningham-bounds-llc-usa-5:74765,Band 3
W.R. Rip Andrews,"('USA', False)",Alabama,Litigation: Mainly Plaintiffs,"Marsh, Rickard & Bryan P.C",www.chambers.com/lawyer/wr-rip-andrews-usa-5:25782664,www.chambers.com/law-firm/marsh-rickard-bryan-pc-usa-5:74766,Band 3
Fred W Tyson,"('USA', False)",Alabama,Litigation: Medical Malpractice Defense,"Rushton, Stakely, Johnston & Garrett",www.chambers.com/lawyer/fred-w-tyson-usa-5:1207914,www.chambers.com/law-firm/rushton-stakely-johnston-garrett-usa-5:74367,Band 1
Michael Wright,"('USA', False)",Alabama,Litigation: Medical Malpractice Defense,Starnes Davis Florie LLP,www.chambers.com/lawyer/michael-wright-usa-5:1213107,www.chambers.com/law-firm/starnes-davis-florie-llp-usa-5:74763,Band 1
Robert MacKenzie,"('USA', False)",Alabama,Litigation: Medical Malpractice Defense,Starnes Davis Florie LLP,www.chambers.com/lawyer/robert-mackenzie-usa-5:1209415,www.chambers.com/law-firm/starnes-davis-florie-llp-usa-5:74763,Band 1
Tabor Novak,"('USA', False)",Alabama,Litigation: Medical Malpractice Defense,"Ball, Ball, Matthews & Novak",www.chambers.com/lawyer/tabor-novak-usa-5:170284,www.chambers.com/law-firm/ball-ball-matthews-novak-usa-5:74793,Band 1
Thomas H Keene,"('USA', False)",Alabama,Litigation: Medical Malpractice Defense,"Rushton, Stakely, Johnston & Garrett",www.chambers.com/lawyer/thomas-h-keene-usa-5:170280,www.chambers.com/law-firm/rushton-stakely-johnston-garrett-usa-5:74367,Band 1
Walter W Bates,"('USA', False)",Alabama,Litigation: Medical Malpractice Defense,Starnes Davis Florie LLP,www.chambers.com/lawyer/walter-w-bates-usa-5:269074,www.chambers.com/law-firm/starnes-davis-florie-llp-usa-5:74763,Band 1
A Danner Frazer,"('USA', False)",Alabama,Litigation: Medical Malpractice Defense,"Frazer, Greene, Upchurch & Baker, L.L.C.",www.chambers.com/lawyer/a-danner-frazer-usa-5:472059,www.chambers.com/law-firm/frazer-greene-upchurch-baker-llc-usa-5:173455,Band 2
George Knox,"('USA', False)",Alabama,Litigation: Medical Malpractice Defense,Lanier Ford Shaver & Payne P.C.,www.chambers.com/lawyer/george-knox-usa-5:1207908,www.chambers.com/law-firm/lanier-ford-shaver-payne-pc-usa-5:65198,Band 2
J. Bennett White,"('USA', False)",Alabama,Litigation: Medical Malpractice Defense,Starnes Davis Florie LLP,www.chambers.com/lawyer/j-bennett-white-usa-5:1207474,www.chambers.com/law-firm/starnes-davis-florie-llp-usa-5:74763,Band 2
Michael Upchurch,"('USA', False)",Alabama,Litigation: Medical Malpractice Defense,"Frazer, Greene, Upchurch & Baker, L.L.C.",www.chambers.com/lawyer/michael-upchurch-usa-5:1224579,www.chambers.com/law-firm/frazer-greene-upchurch-baker-llc-usa-5:173455,Band 2
Norman E Waldrop Jr,"('USA', False)",Alabama,Litigation: Medical Malpractice Defense,Armbrecht Jackson LLP,www.chambers.com/lawyer/norman-e-waldrop-jr-usa-5:377313,www.chambers.com/law-firm/armbrecht-jackson-llp-usa-5:153907,Band 2
Joe Miller,"('USA', False)",Alabama,Litigation: Medical Malpractice Defense,Starnes Davis Florie LLP,www.chambers.com/lawyer/joe-miller-usa-5:1543158,www.chambers.com/law-firm/starnes-davis-florie-llp-usa-5:74763,Band 3
Laura Peck,"('USA', False)",Alabama,Litigation: Medical Malpractice Defense,"Lightfoot, Franklin & White, LLC",www.chambers.com/lawyer/laura-peck-usa-5:25421705,www.chambers.com/law-firm/lightfoot-franklin-white-llc-usa-5:65199,Band 3
Michael Bell,"('USA', False)",Alabama,Litigation: Medical Malpractice Defense,"Lightfoot, Franklin & White, LLC",www.chambers.com/lawyer/michael-bell-usa-5:1210291,www.chambers.com/law-firm/lightfoot-franklin-white-llc-usa-5:65199,Band 3
Walter Price,"('USA', False)",Alabama,Litigation: Medical Malpractice Defense,Clark May Price Lawley Duncan Paul LLC,www.chambers.com/lawyer/walter-price-usa-5:1207790,www.chambers.com/law-firm/clark-may-price-lawley-duncan-paul-llc-usa-5:23116264,Band 3
J Foster Clark,"('USA', False)",Alabama,Public Finance,Balch & Bingham LLP,www.chambers.com/lawyer/j-foster-clark-usa-5:316675,www.chambers.com/law-firm/balch-bingham-llp-usa-5:67094,Senior Statespeople
J Hobson Presley Jr.,"('USA', False)",Alabama,Public Finance,"Maynard, Cooper & Gale P.C.",www.chambers.com/lawyer/j-hobson-presley-jr-usa-5:432277,www.chambers.com/law-firm/maynard-cooper-gale-pc-usa-5:65200,Band 1
Jodie Smith,"('USA', False)",Alabama,Public Finance,"Maynard, Cooper & Gale P.C.",www.chambers.com/lawyer/jodie-smith-usa-5:567811,www.chambers.com/law-firm/maynard-cooper-gale-pc-usa-5:65200,Band 1
Rod Kanter,"('USA', False)",Alabama,Public Finance,Bradley Arant Boult Cummings LLP,www.chambers.com/lawyer/rod-kanter-usa-5:1216841,www.chambers.com/law-firm/bradley-arant-boult-cummings-llp-usa-5:200590,Band 1
Preston Bolt,"('USA', False)",Alabama,Public Finance,Hand Arendall Harrison Sale LLC,www.chambers.com/lawyer/preston-bolt-usa-5:381650,www.chambers.com/law-firm/hand-arendall-harrison-sale-llc-usa-5:74267,Band 1
Alan K Zeigler,"('USA', False)",Alabama,Public Finance,Bradley Arant Boult Cummings LLP,www.chambers.com/lawyer/alan-k-zeigler-usa-5:381651,www.chambers.com/law-firm/bradley-arant-boult-cummings-llp-usa-5:200590,Band 2
Curt Gwathney,"('USA', False)",Alabama,Public Finance,Balch & Bingham LLP,www.chambers.com/lawyer/curt-gwathney-usa-5:1222818,www.chambers.com/law-firm/balch-bingham-llp-usa-5:67094,Band 2
Ginger Gaddy,"('USA', False)",Alabama,Public Finance,Hand Arendall Harrison Sale LLC,www.chambers.com/lawyer/ginger-gaddy-usa-5:1217890,www.chambers.com/law-firm/hand-arendall-harrison-sale-llc-usa-5:74267,Band 2
P Nicholas Greenwood,"('USA', False)",Alabama,Public Finance,Hand Arendall Harrison Sale LLC,www.chambers.com/lawyer/p-nicholas-greenwood-usa-5:196003,www.chambers.com/law-firm/hand-arendall-harrison-sale-llc-usa-5:74267,Band 2
Alston Ray,"('USA', False)",Alabama,Public Finance,Butler Snow LLP,www.chambers.com/lawyer/alston-ray-usa-5:1395335,www.chambers.com/law-firm/butler-snow-llp-usa-5:65577,Band 3
Barry Staples,"('USA', False)",Alabama,Public Finance,"Maynard, Cooper & Gale P.C.",www.chambers.com/lawyer/barry-staples-usa-5:567813,www.chambers.com/law-firm/maynard-cooper-gale-pc-usa-5:65200,Band 3
Heyward C Hosch,"('USA', False)",Alabama,Public Finance,"Maynard, Cooper & Gale P.C.",www.chambers.com/lawyer/heyward-c-hosch-usa-5:567812,www.chambers.com/law-firm/maynard-cooper-gale-pc-usa-5:65200,Band 3
John H Burton Jr,"('USA', False)",Alabama,Public Finance,"Maynard, Cooper & Gale P.C.",www.chambers.com/lawyer/john-h-burton-jr-usa-5:432281,www.chambers.com/law-firm/maynard-cooper-gale-pc-usa-5:65200,Band 3
Kevin Beatty,"('USA', False)",Alabama,Public Finance,"Maynard, Cooper & Gale P.C.",www.chambers.com/lawyer/kevin-beatty-usa-5:25972467,www.chambers.com/law-firm/maynard-cooper-gale-pc-usa-5:65200,Band 3
Lee Birchall,"('USA', False)",Alabama,Public Finance,Bradley Arant Boult Cummings LLP,www.chambers.com/lawyer/lee-birchall-usa-5:25791593,www.chambers.com/law-firm/bradley-arant-boult-cummings-llp-usa-5:200590,Band 3
Frank Long Jr,"('USA', False)",Alabama,Public Finance,Balch & Bingham LLP,www.chambers.com/lawyer/frank-long-jr-usa-5:25969956,www.chambers.com/law-firm/balch-bingham-llp-usa-5:67094,Band 3
Kane Burnette,"('USA', False)",Alabama,Public Finance,Bradley Arant Boult Cummings LLP,www.chambers.com/lawyer/kane-burnette-usa-5:25409711,www.chambers.com/law-firm/bradley-arant-boult-cummings-llp-usa-5:200590,Up and Coming
Robert R Sexton,"('USA', False)",Alabama,Real Estate,"Maynard, Cooper & Gale P.C.",www.chambers.com/lawyer/robert-r-sexton-usa-5:162934,www.chambers.com/law-firm/maynard-cooper-gale-pc-usa-5:65200,Senior Statespeople
Thomas C Clark III,"('USA', False)",Alabama,Real Estate,"Maynard, Cooper & Gale P.C.",www.chambers.com/lawyer/thomas-c-clark-iii-usa-5:268130,www.chambers.com/law-firm/maynard-cooper-gale-pc-usa-5:65200,Band 1
Dwight Mixson,"('USA', False)",Alabama,Real Estate,Burr & Forman LLP,www.chambers.com/lawyer/dwight-mixson-usa-5:162928,www.chambers.com/law-firm/burr-forman-llp-usa-5:67095,Band 1
Gail L Mills,"('USA', False)",Alabama,Real Estate,Burr & Forman LLP,www.chambers.com/lawyer/gail-l-mills-usa-5:219089,www.chambers.com/law-firm/burr-forman-llp-usa-5:67095,Band 1
Jeffrey Blitz,"('USA', False)",Alabama,Real Estate,"Rushton, Stakely, Johnston & Garrett",www.chambers.com/lawyer/jeffrey-blitz-usa-5:163087,www.chambers.com/law-firm/rushton-stakely-johnston-garrett-usa-5:74367,Band 1
Adam J Sigman,"('USA', False)",Alabama,Real Estate,Dentons Sirote,www.chambers.com/lawyer/adam-j-sigman-usa-5:378532,www.chambers.com/law-firm/dentons-sirote-usa-5:111,Band 2
Beth O'Neill,"('USA', False)",Alabama,Real Estate,"Maynard, Cooper & Gale P.C.",www.chambers.com/lawyer/beth-oneill-usa-5:163082,www.chambers.com/law-firm/maynard-cooper-gale-pc-usa-5:65200,Band 2
Dawn Helms Sharff,"('USA', False)",Alabama,Real Estate,Bradley Arant Boult Cummings LLP,www.chambers.com/lawyer/dawn-helms-sharff-usa-5:318650,www.chambers.com/law-firm/bradley-arant-boult-cummings-llp-usa-5:200590,Band 2
Randolph H Lanier,"('USA', False)",Alabama,Real Estate,Waller,www.chambers.com/lawyer/randolph-h-lanier-usa-5:162913,www.chambers.com/law-firm/waller-usa-5:65866,Band 2
Stephen Monk,"('USA', False)",Alabama,Real Estate,Bradley Arant Boult Cummings LLP,www.chambers.com/lawyer/stephen-monk-usa-5:162926,www.chambers.com/law-firm/bradley-arant-boult-cummings-llp-usa-5:200590,Band 2
Steven A Brickman,"('USA', False)",Alabama,Real Estate,Dentons Sirote,www.chambers.com/lawyer/steven-a-brickman-usa-5:148643,www.chambers.com/law-firm/dentons-sirote-usa-5:111,Band 2
William C Byrd,"('USA', False)",Alabama,Real Estate,Bradley Arant Boult Cummings LLP,www.chambers.com/lawyer/william-c-byrd-usa-5:432369,www.chambers.com/law-firm/bradley-arant-boult-cummings-llp-usa-5:200590,Band 2
Denise Killebrew,"('USA', False)",Alabama,Real Estate,"Baker, Donelson, Bearman, Caldwell & Berkowitz, PC",www.chambers.com/lawyer/denise-killebrew-usa-5:162920,www.chambers.com/law-firm/baker-donelson-bearman-caldwell-berkowitz-pc-usa-5:118396,Band 2
Haskins W Jones,"('USA', False)",Alabama,Real Estate,Compton Jones Dresher,www.chambers.com/lawyer/haskins-w-jones-usa-5:269218,www.chambers.com/law-firm/compton-jones-dresher-usa-5:23259537,Band 2
James M Edwards,"('USA', False)",Alabama,Real Estate,Balch & Bingham LLP,www.chambers.com/lawyer/james-m-edwards-usa-5:378688,www.chambers.com/law-firm/balch-bingham-llp-usa-5:67094,Band 2
John Pickering,"('USA', False)",Alabama,Real Estate,Balch & Bingham LLP,www.chambers.com/lawyer/john-pickering-usa-5:567307,www.chambers.com/law-firm/balch-bingham-llp-usa-5:67094,Band 2
Angie McEwen,"('USA', False)",Alabama,Real Estate,Butler Snow LLP,www.chambers.com/lawyer/angie-mcewen-usa-5:1527624,www.chambers.com/law-firm/butler-snow-llp-usa-5:65577,Band 3
Matthew W. Grill,"('USA', False)",Alabama,Real Estate,"Maynard, Cooper & Gale P.C.",www.chambers.com/lawyer/matthew-w-grill-usa-5:430922,www.chambers.com/law-firm/maynard-cooper-gale-pc-usa-5:65200,Band 3
Stephen Stallcup,"('USA', False)",Alabama,Real Estate,"Maynard, Cooper & Gale P.C.",www.chambers.com/lawyer/stephen-stallcup-usa-5:923994,www.chambers.com/law-firm/maynard-cooper-gale-pc-usa-5:65200,Band 3
J David Dresher,"('USA', False)",Alabama,Real Estate,Compton Jones Dresher,www.chambers.com/lawyer/j-david-dresher-usa-5:222424,www.chambers.com/law-firm/compton-jones-dresher-usa-5:23259537,Band 3
Phillip Stutts,"('USA', False)",Alabama,Real Estate,"Leitman, Siegal, Payne & Campbell, P.C.",www.chambers.com/lawyer/phillip-stutts-usa-5:317213,www.chambers.com/law-firm/leitman-siegal-payne-campbell-pc-usa-5:74272,Band 3
William Eskridge,"('USA', False)",Alabama,Real Estate,"Rushton, Stakely, Johnston & Garrett",www.chambers.com/lawyer/william-eskridge-usa-5:25420649,www.chambers.com/law-firm/rushton-stakely-johnston-garrett-usa-5:74367,Band 3
William Sylvester,"('USA', False)",Alabama,Real Estate,"Baker, Donelson, Bearman, Caldwell & Berkowitz, PC",www.chambers.com/lawyer/william-sylvester-usa-5:194126,www.chambers.com/law-firm/baker-donelson-bearman-caldwell-berkowitz-pc-usa-5:118396,Band 3
James Webb,"('USA', False)",Alabama,Real Estate,Bradley Arant Boult Cummings LLP,www.chambers.com/lawyer/james-webb-usa-5:719335,www.chambers.com/law-firm/bradley-arant-boult-cummings-llp-usa-5:200590,Up and Coming
Casey Pipes,"('USA', False)",Alabama,Real Estate: Zoning/Land Use,"Helmsing, Leach, Herlong, Newman & Rouse, PC",www.chambers.com/lawyer/casey-pipes-usa-5:918857,www.chambers.com/law-firm/helmsing-leach-herlong-newman-rouse-pc-usa-5:74768,Band 1
Jesse P Evans III,"('USA', False)",Alabama,Real Estate: Zoning/Land Use,"Evans & Evans Lawyers, LLC",www.chambers.com/lawyer/jesse-p-evans-iii-usa-5:430982,www.chambers.com/law-firm/evans-evans-lawyers-llc-usa-5:22974563,Band 1
Warren Herlong,"('USA', False)",Alabama,Real Estate: Zoning/Land Use,"Helmsing, Leach, Herlong, Newman & Rouse, PC",www.chambers.com/lawyer/warren-herlong-usa-5:918858,www.chambers.com/law-firm/helmsing-leach-herlong-newman-rouse-pc-usa-5:74768,Band 1
Frank Galloway III,"('USA', False)",Alabama,Real Estate: Zoning/Land Use,Galloway Scott Moss & Hancock,www.chambers.com/lawyer/frank-galloway-iii-usa-5:1397639,www.chambers.com/law-firm/galloway-scott-moss-hancock-usa-5:22769962,Band 2
Michael J Parise,"('USA', False)",Alaska,Bankruptcy/Restructuring,Lane Powell PC,www.chambers.com/lawyer/michael-j-parise-usa-5:218763,www.chambers.com/law-firm/lane-powell-pc-usa-5:65997,Band 1
Michael Mills,"('USA', False)",Alaska,Bankruptcy/Restructuring,Dorsey & Whitney LLP,www.chambers.com/lawyer/michael-mills-usa-5:218775,www.chambers.com/law-firm/dorsey-whitney-llp-usa-5:3687,Band 1
Cabot Christianson,"('USA', False)",Alaska,Bankruptcy/Restructuring,Law Offices Of Cabot Christianson PC,www.chambers.com/lawyer/cabot-christianson-usa-5:193768,www.chambers.com/law-firm/law-offices-of-cabot-christianson-pc-usa-5:85020,Band 1
David H Bundy,"('USA', False)",Alaska,Bankruptcy/Restructuring,David H Bundy PC,www.chambers.com/lawyer/david-h-bundy-usa-5:218802,www.chambers.com/law-firm/david-h-bundy-pc-usa-5:98003,Band 1
Michelle Boutin,"('USA', False)",Alaska,Bankruptcy/Restructuring,Landye Bennett Blumstein LLP,www.chambers.com/lawyer/michelle-boutin-usa-5:26165121,www.chambers.com/law-firm/landye-bennett-blumstein-llp-usa-5:74928,Band 1
Michael E Kreger,"('USA', False)",Alaska,Construction,Perkins Coie LLP,www.chambers.com/lawyer/michael-e-kreger-usa-5:219432,www.chambers.com/law-firm/perkins-coie-llp-usa-5:3644,Band 1
Traeger Machetanz,"('USA', False)",Alaska,Construction,Davis Wright Tremaine LLP,www.chambers.com/lawyer/traeger-machetanz-usa-5:557604,www.chambers.com/law-firm/davis-wright-tremaine-llp-usa-5:3834,Band 1
Michael Geraghty,"('USA', False)",Alaska,Construction,Holland & Hart LLP,www.chambers.com/lawyer/michael-geraghty-usa-5:25791068,www.chambers.com/law-firm/holland-hart-llp-usa-5:1758,Band 1
Raymond Royce,"('USA', False)",Alaska,Construction,Royce & Brain,www.chambers.com/lawyer/raymond-royce-usa-5:25791070,www.chambers.com/law-firm/royce-brain-usa-5:23031872,Band 1
John Kauffman,"('USA', False)",Alaska,Corporate/M&A,Stoel Rives LLP,www.chambers.com/lawyer/john-kauffman-usa-5:1364908,www.chambers.com/law-firm/stoel-rives-llp-usa-5:65917,Band 1
Jon S Dawson,"('USA', False)",Alaska,Corporate/M&A,Davis Wright Tremaine LLP,www.chambers.com/lawyer/jon-s-dawson-usa-5:174899,www.chambers.com/law-firm/davis-wright-tremaine-llp-usa-5:3834,Band 1
Brian Durrell,"('USA', False)",Alaska,Corporate/M&A,"Durrell Law Group, PC",www.chambers.com/lawyer/brian-durrell-usa-5:174345,www.chambers.com/law-firm/durrell-law-group-pc-usa-5:76364,Band 1
Philip Blumstein,"('USA', False)",Alaska,Corporate/M&A,Landye Bennett Blumstein LLP,www.chambers.com/lawyer/philip-blumstein-usa-5:194006,www.chambers.com/law-firm/landye-bennett-blumstein-llp-usa-5:74928,Band 1
Barbara Simpson Kraft,"('USA', False)",Alaska,Corporate/M&A,Davis Wright Tremaine LLP,www.chambers.com/lawyer/barbara-simpson-kraft-usa-5:176427,www.chambers.com/law-firm/davis-wright-tremaine-llp-usa-5:3834,Band 2
Michael J Parise,"('USA', False)",Alaska,Corporate/M&A,Lane Powell PC,www.chambers.com/lawyer/michael-j-parise-usa-5:218763,www.chambers.com/law-firm/lane-powell-pc-usa-5:65997,Band 2
Michael Mills,"('USA', False)",Alaska,Corporate/M&A,Dorsey & Whitney LLP,www.chambers.com/lawyer/michael-mills-usa-5:218775,www.chambers.com/law-firm/dorsey-whitney-llp-usa-5:3687,Band 2
"Robert H. Hume, Jr.","('USA', False)",Alaska,Corporate/M&A,Landye Bennett Blumstein LLP,www.chambers.com/lawyer/robert-h-hume-jr-usa-5:914946,www.chambers.com/law-firm/landye-bennett-blumstein-llp-usa-5:74928,Band 2
Andrea Canfield,"('USA', False)",Alaska,Corporate/M&A,Stoel Rives LLP,www.chambers.com/lawyer/andrea-canfield-usa-5:25410475,www.chambers.com/law-firm/stoel-rives-llp-usa-5:65917,Up and Coming
Vanessa Norman,"('USA', False)",Alaska,Corporate/M&A,Davis Wright Tremaine LLP,www.chambers.com/lawyer/vanessa-norman-usa-5:26401576,www.chambers.com/law-firm/davis-wright-tremaine-llp-usa-5:3834,Associates to watch
Danielle Ryman,"('USA', False)",Alaska,Labor & Employment,Perkins Coie LLP,www.chambers.com/lawyer/danielle-ryman-usa-5:654539,www.chambers.com/law-firm/perkins-coie-llp-usa-5:3644,Band 1
Doug Parker,"('USA', False)",Alaska,Labor & Employment,"Littler Mendelson, PC",www.chambers.com/lawyer/doug-parker-usa-5:684737,www.chambers.com/law-firm/littler-mendelson-pc-usa-5:2816,Band 1
William J Evans,"('USA', False)",Alaska,Labor & Employment,"Sedor, Wendlandt, Evans & Filippi, LLC",www.chambers.com/lawyer/william-j-evans-usa-5:173459,www.chambers.com/law-firm/sedor-wendlandt-evans-filippi-llc-usa-5:193964,Band 1
Elizabeth Pifke Hodes,"('USA', False)",Alaska,Labor & Employment,Davis Wright Tremaine LLP,www.chambers.com/lawyer/elizabeth-pifke-hodes-usa-5:1210671,www.chambers.com/law-firm/davis-wright-tremaine-llp-usa-5:3834,Band 2
Peter C Partnow,"('USA', False)",Alaska,Labor & Employment,Lane Powell PC,www.chambers.com/lawyer/peter-c-partnow-usa-5:173318,www.chambers.com/law-firm/lane-powell-pc-usa-5:65997,Band 2
Renea Saade,"('USA', False)",Alaska,Labor & Employment,"Littler Mendelson, PC",www.chambers.com/lawyer/renea-saade-usa-5:913080,www.chambers.com/law-firm/littler-mendelson-pc-usa-5:2816,Band 2
Gregory Fisher,"('USA', False)",Alaska,Labor & Employment,"Littler Mendelson, PC",www.chambers.com/lawyer/gregory-fisher-usa-5:555843,www.chambers.com/law-firm/littler-mendelson-pc-usa-5:2816,Band 2
Kim Dunn,"('USA', False)",Alaska,Labor & Employment,Landye Bennett Blumstein LLP,www.chambers.com/lawyer/kim-dunn-usa-5:916598,www.chambers.com/law-firm/landye-bennett-blumstein-llp-usa-5:74928,Band 2
Eric Sanders,"('USA', False)",Alaska,Litigation: General Commercial,Eric T. Sanders Attorney,www.chambers.com/lawyer/eric-sanders-usa-5:326744,www.chambers.com/law-firm/eric-t-sanders-attorney-usa-5:22772093,Senior Statespeople
Ray Brown,"('USA', False)",Alaska,Litigation: General Commercial,Dillon & Findley PC,www.chambers.com/lawyer/ray-brown-usa-5:1386830,www.chambers.com/law-firm/dillon-findley-pc-usa-5:22765710,Senior Statespeople
Timothy J Petumenos,"('USA', False)",Alaska,Litigation: General Commercial,Law Office of Tim Petumenos,www.chambers.com/lawyer/timothy-j-petumenos-usa-5:173672,www.chambers.com/law-firm/law-office-of-tim-petumenos-usa-5:22785872,Senior Statespeople
Brewster Jamieson,"('USA', False)",Alaska,Litigation: General Commercial,Lane Powell PC,www.chambers.com/lawyer/brewster-jamieson-usa-5:174335,www.chambers.com/law-firm/lane-powell-pc-usa-5:65997,Band 1
James Torgerson,"('USA', False)",Alaska,Litigation: General Commercial,Stoel Rives LLP,www.chambers.com/lawyer/james-torgerson-usa-5:173321,www.chambers.com/law-firm/stoel-rives-llp-usa-5:65917,Band 1
Jeffrey M Feldman,"('USA', False)",Alaska,Litigation: General Commercial,"Summit Law Group, PLLC",www.chambers.com/lawyer/jeffrey-m-feldman-usa-5:175247,www.chambers.com/law-firm/summit-law-group-pllc-usa-5:87514,Band 1
Susan Orlansky,"('USA', False)",Alaska,Litigation: General Commercial,Reeves Amodio LLC,www.chambers.com/lawyer/susan-orlansky-usa-5:193619,www.chambers.com/law-firm/reeves-amodio-llc-usa-5:76157,Band 1
James N Leik,"('USA', False)",Alaska,Litigation: General Commercial,Perkins Coie LLP,www.chambers.com/lawyer/james-n-leik-usa-5:511468,www.chambers.com/law-firm/perkins-coie-llp-usa-5:3644,Band 2
Jon S Dawson,"('USA', False)",Alaska,Litigation: General Commercial,Davis Wright Tremaine LLP,www.chambers.com/lawyer/jon-s-dawson-usa-5:174899,www.chambers.com/law-firm/davis-wright-tremaine-llp-usa-5:3834,Band 2
Louisiana Cutler,"('USA', False)",Alaska,Litigation: General Commercial,Dorsey & Whitney LLP,www.chambers.com/lawyer/louisiana-cutler-usa-5:218754,www.chambers.com/law-firm/dorsey-whitney-llp-usa-5:3687,Band 2
S Lane Tucker,"('USA', False)",Alaska,Litigation: General Commercial,Stoel Rives LLP,www.chambers.com/lawyer/s-lane-tucker-usa-5:684063,www.chambers.com/law-firm/stoel-rives-llp-usa-5:65917,Band 2
Jennifer Coughlin,"('USA', False)",Alaska,Litigation: General Commercial,Landye Bennett Blumstein LLP,www.chambers.com/lawyer/jennifer-coughlin-usa-5:174344,www.chambers.com/law-firm/landye-bennett-blumstein-llp-usa-5:74928,Band 2
Kevin Cuddy,"('USA', False)",Alaska,Litigation: General Commercial,Stoel Rives LLP,www.chambers.com/lawyer/kevin-cuddy-usa-5:923159,www.chambers.com/law-firm/stoel-rives-llp-usa-5:65917,Band 3
Kevin Feldis,"('USA', False)",Alaska,Litigation: General Commercial,Perkins Coie LLP,www.chambers.com/lawyer/kevin-feldis-usa-5:25791071,www.chambers.com/law-firm/perkins-coie-llp-usa-5:3644,Band 3
Michael Baylous,"('USA', False)",Alaska,Litigation: General Commercial,Lane Powell PC,www.chambers.com/lawyer/michael-baylous-usa-5:681055,www.chambers.com/law-firm/lane-powell-pc-usa-5:65997,Band 3
David Gross,"('USA', False)",Alaska,Litigation: General Commercial,"Birch, Horton, Bittner & Cherot",www.chambers.com/lawyer/david-gross-usa-5:193760,www.chambers.com/law-firm/birch-horton-bittner-cherot-usa-5:65204,Band 3
Howard Trickey,"('USA', False)",Alaska,Litigation: General Commercial,"Schwabe, Williamson & Wyatt PC",www.chambers.com/lawyer/howard-trickey-usa-5:1540665,www.chambers.com/law-firm/schwabe-williamson-wyatt-pc-usa-5:65916,Band 3
Jeffrey Robinson,"('USA', False)",Alaska,Litigation: General Commercial,"Ashburn & Mason, PC",www.chambers.com/lawyer/jeffrey-robinson-usa-5:25609549,www.chambers.com/law-firm/ashburn-mason-pc-usa-5:76363,Band 3
Matthew Findley,"('USA', False)",Alaska,Litigation: General Commercial,"Ashburn & Mason, PC",www.chambers.com/lawyer/matthew-findley-usa-5:922114,www.chambers.com/law-firm/ashburn-mason-pc-usa-5:76363,Band 3
Matthew Singer,"('USA', False)",Alaska,Litigation: General Commercial,"Schwabe, Williamson & Wyatt PC",www.chambers.com/lawyer/matthew-singer-usa-5:1540666,www.chambers.com/law-firm/schwabe-williamson-wyatt-pc-usa-5:65916,Band 3
Jessica Dillon,"('USA', False)",Alaska,Litigation: General Commercial,Dillon & Findley PC,www.chambers.com/lawyer/jessica-dillon-usa-5:1388335,www.chambers.com/law-firm/dillon-findley-pc-usa-5:22765710,Up and Coming
Eric Sanders,"('USA', False)",Alaska,Litigation: Mediators,Eric T. Sanders Attorney,www.chambers.com/lawyer/eric-sanders-usa-5:326744,www.chambers.com/law-firm/eric-t-sanders-attorney-usa-5:22772093,Band 1
Matthew Peterson,"('USA', False)",Alaska,Litigation: Mediators,"Clapp, Peterson, Tiemessen, Thorsness & Johnson, LLC",www.chambers.com/lawyer/matthew-peterson-usa-5:555178,www.chambers.com/law-firm/clapp-peterson-tiemessen-thorsness-johnson-llc-usa-5:76238,Band 1
Stephen H Hutchings,"('USA', False)",Alaska,Litigation: Mediators,"Birch, Horton, Bittner & Cherot",www.chambers.com/lawyer/stephen-h-hutchings-usa-5:174324,www.chambers.com/law-firm/birch-horton-bittner-cherot-usa-5:65204,Band 1
James Linxwiler,"('USA', False)",Alaska,Natural Resources & Environment,Guess & Rudd PC,www.chambers.com/lawyer/james-linxwiler-usa-5:176709,www.chambers.com/law-firm/guess-rudd-pc-usa-5:65208,Senior Statespeople
Susan Reeves,"('USA', False)",Alaska,Natural Resources & Environment,Reeves Amodio LLC,www.chambers.com/lawyer/susan-reeves-usa-5:174795,www.chambers.com/law-firm/reeves-amodio-llc-usa-5:76157,Eminent Practitioners
Eric B Fjelstad,"('USA', False)",Alaska,Natural Resources & Environment,Perkins Coie LLP,www.chambers.com/lawyer/eric-b-fjelstad-usa-5:173460,www.chambers.com/law-firm/perkins-coie-llp-usa-5:3644,Star Individuals
Joseph J Perkins Jr,"('USA', False)",Alaska,Natural Resources & Environment,Stoel Rives LLP,www.chambers.com/lawyer/joseph-j-perkins-jr-usa-5:174798,www.chambers.com/law-firm/stoel-rives-llp-usa-5:65917,Band 1
Tina M Grovier,"('USA', False)",Alaska,Natural Resources & Environment,Stoel Rives LLP,www.chambers.com/lawyer/tina-m-grovier-usa-5:218765,www.chambers.com/law-firm/stoel-rives-llp-usa-5:65917,Band 1
Jonathan Iversen,"('USA', False)",Alaska,Natural Resources & Environment,Stoel Rives LLP,www.chambers.com/lawyer/jonathan-iversen-usa-5:1212488,www.chambers.com/law-firm/stoel-rives-llp-usa-5:65917,Band 2
Kyle Parker,"('USA', False)",Alaska,Natural Resources & Environment,Holland & Hart LLP,www.chambers.com/lawyer/kyle-parker-usa-5:174290,www.chambers.com/law-firm/holland-hart-llp-usa-5:1758,Band 2
Scott Broadwell,"('USA', False)",Alaska,Natural Resources & Environment,Davis Wright Tremaine LLP,www.chambers.com/lawyer/scott-broadwell-usa-5:1211735,www.chambers.com/law-firm/davis-wright-tremaine-llp-usa-5:3834,Band 2
Dean D Thompson,"('USA', False)",Alaska,Natural Resources & Environment,"Kemppel, Huffman and Ellis, P.C.",www.chambers.com/lawyer/dean-d-thompson-usa-5:558556,www.chambers.com/law-firm/kemppel-huffman-and-ellis-pc-usa-5:211400,Band 2
George R Lyle,"('USA', False)",Alaska,Natural Resources & Environment,Guess & Rudd PC,www.chambers.com/lawyer/george-r-lyle-usa-5:175426,www.chambers.com/law-firm/guess-rudd-pc-usa-5:65208,Band 2
Cameron Leonard,"('USA', False)",Alaska,Natural Resources & Environment,Perkins Coie LLP,www.chambers.com/lawyer/cameron-leonard-usa-5:319028,www.chambers.com/law-firm/perkins-coie-llp-usa-5:3644,Band 3
Jon Katchen,"('USA', False)",Alaska,Natural Resources & Environment,Holland & Hart LLP,www.chambers.com/lawyer/jon-katchen-usa-5:1394652,www.chambers.com/law-firm/holland-hart-llp-usa-5:1758,Band 3
Ramona Monroe,"('USA', False)",Alaska,Natural Resources & Environment,Stoel Rives LLP,www.chambers.com/lawyer/ramona-monroe-usa-5:1388301,www.chambers.com/law-firm/stoel-rives-llp-usa-5:65917,Band 3
Mike Jungreis,"('USA', False)",Alaska,Natural Resources & Environment,Reeves Amodio LLC,www.chambers.com/lawyer/mike-jungreis-usa-5:557424,www.chambers.com/law-firm/reeves-amodio-llc-usa-5:76157,Band 3
Suzanne Cherot,"('USA', False)",Alaska,Real Estate,"Birch, Horton, Bittner & Cherot",www.chambers.com/lawyer/suzanne-cherot-usa-5:174323,www.chambers.com/law-firm/birch-horton-bittner-cherot-usa-5:65204,Senior Statespeople
Barbara Simpson Kraft,"('USA', False)",Alaska,Real Estate,Davis Wright Tremaine LLP,www.chambers.com/lawyer/barbara-simpson-kraft-usa-5:176427,www.chambers.com/law-firm/davis-wright-tremaine-llp-usa-5:3834,Band 1
Brian Durrell,"('USA', False)",Alaska,Real Estate,"Durrell Law Group, PC",www.chambers.com/lawyer/brian-durrell-usa-5:174345,www.chambers.com/law-firm/durrell-law-group-pc-usa-5:76364,Band 1
Donald McClintock,"('USA', False)",Alaska,Real Estate,"Ashburn & Mason, PC",www.chambers.com/lawyer/donald-mcclintock-usa-5:174319,www.chambers.com/law-firm/ashburn-mason-pc-usa-5:76363,Band 1
James McCollum,"('USA', False)",Alaska,Real Estate,Law Offices of James McCollum LLC,www.chambers.com/lawyer/james-mccollum-usa-5:175385,www.chambers.com/law-firm/law-offices-of-james-mccollum-llc-usa-5:76591,Band 1
Joan Travostino,"('USA', False)",Alaska,Real Estate,Dorsey & Whitney LLP,www.chambers.com/lawyer/joan-travostino-usa-5:174322,www.chambers.com/law-firm/dorsey-whitney-llp-usa-5:3687,Band 2
Jon S Dawson,"('USA', False)",Alaska,Real Estate,Davis Wright Tremaine LLP,www.chambers.com/lawyer/jon-s-dawson-usa-5:174899,www.chambers.com/law-firm/davis-wright-tremaine-llp-usa-5:3834,Band 2
Michael J Parise,"('USA', False)",Alaska,Real Estate,Lane Powell PC,www.chambers.com/lawyer/michael-j-parise-usa-5:218763,www.chambers.com/law-firm/lane-powell-pc-usa-5:65997,Band 2
Joshua D. Hodes,"('USA', False)",Alaska,Real Estate,Landye Bennett Blumstein LLP,www.chambers.com/lawyer/joshua-d-hodes-usa-5:25376670,www.chambers.com/law-firm/landye-bennett-blumstein-llp-usa-5:74928,Band 2
Philip Blumstein,"('USA', False)",Alaska,Real Estate,Landye Bennett Blumstein LLP,www.chambers.com/lawyer/philip-blumstein-usa-5:194006,www.chambers.com/law-firm/landye-bennett-blumstein-llp-usa-5:74928,Band 2
Robert S Kant,"('USA', False)",Arizona,Corporate/M&A,"Greenberg Traurig, LLP",www.chambers.com/lawyer/robert-s-kant-usa-5:170319,www.chambers.com/law-firm/greenberg-traurig-llp-usa-5:3579,Senior Statespeople
Thomas H Curzon,"('USA', False)",Arizona,Corporate/M&A,Osborn Maledon PA,www.chambers.com/lawyer/thomas-h-curzon-usa-5:170060,www.chambers.com/law-firm/osborn-maledon-pa-usa-5:65225,Senior Statespeople
Matthew Feeney,"('USA', False)",Arizona,Corporate/M&A,Snell & Wilmer LLP,www.chambers.com/lawyer/matthew-feeney-usa-5:170340,www.chambers.com/law-firm/snell-wilmer-llp-usa-5:65230,Eminent Practitioners
Steven D Pidgeon,"('USA', False)",Arizona,Corporate/M&A,DLA Piper LLP (US),www.chambers.com/lawyer/steven-d-pidgeon-usa-5:170314,www.chambers.com/law-firm/dla-piper-llp-us-usa-5:8053,Star Individuals
Karen C McConnell,"('USA', False)",Arizona,Corporate/M&A,Ballard Spahr LLP,www.chambers.com/lawyer/karen-c-mcconnell-usa-5:170342,www.chambers.com/law-firm/ballard-spahr-llp-usa-5:3532,Band 1
Sarah A Strunk,"('USA', False)",Arizona,Corporate/M&A,Fennemore Craig,www.chambers.com/lawyer/sarah-a-strunk-usa-5:169725,www.chambers.com/law-firm/fennemore-craig-usa-5:65216,Band 1
Brian H Blaney,"('USA', False)",Arizona,Corporate/M&A,"Greenberg Traurig, LLP",www.chambers.com/lawyer/brian-h-blaney-usa-5:272135,www.chambers.com/law-firm/greenberg-traurig-llp-usa-5:3579,Band 2
Bruce E Macdonough,"('USA', False)",Arizona,Corporate/M&A,"Greenberg Traurig, LLP",www.chambers.com/lawyer/bruce-e-macdonough-usa-5:271476,www.chambers.com/law-firm/greenberg-traurig-llp-usa-5:3579,Band 2
David P Lewis,"('USA', False)",Arizona,Corporate/M&A,DLA Piper LLP (US),www.chambers.com/lawyer/david-p-lewis-usa-5:476540,www.chambers.com/law-firm/dla-piper-llp-us-usa-5:8053,Band 2
Michael Donahey,"('USA', False)",Arizona,Corporate/M&A,Snell & Wilmer LLP,www.chambers.com/lawyer/michael-donahey-usa-5:479247,www.chambers.com/law-firm/snell-wilmer-llp-usa-5:65230,Band 2
William M Hardin,"('USA', False)",Arizona,Corporate/M&A,Osborn Maledon PA,www.chambers.com/lawyer/william-m-hardin-usa-5:193548,www.chambers.com/law-firm/osborn-maledon-pa-usa-5:65225,Band 2
Raj N Gangadean,"('USA', False)",Arizona,Corporate/M&A,Perkins Coie LLP,www.chambers.com/lawyer/raj-n-gangadean-usa-5:477582,www.chambers.com/law-firm/perkins-coie-llp-usa-5:3644,Band 3
Christopher S Stachowiak,"('USA', False)",Arizona,Corporate/M&A,Osborn Maledon PA,www.chambers.com/lawyer/christopher-s-stachowiak-usa-5:194200,www.chambers.com/law-firm/osborn-maledon-pa-usa-5:65225,Band 3
Frank Placenti,"('USA', False)",Arizona,Corporate/M&A,Squire Patton Boggs,www.chambers.com/lawyer/frank-placenti-usa-5:170341,www.chambers.com/law-firm/squire-patton-boggs-usa-5:3680,Band 3
Matthew Holman,"('USA', False)",Arizona,Corporate/M&A,Squire Patton Boggs,www.chambers.com/lawyer/matthew-holman-usa-5:1213230,www.chambers.com/law-firm/squire-patton-boggs-usa-5:3680,Band 3
Phillip P Guttilla,"('USA', False)",Arizona,Corporate/M&A,Polsinelli PC,www.chambers.com/lawyer/phillip-p-guttilla-usa-5:240576,www.chambers.com/law-firm/polsinelli-pc-usa-5:65601,Band 3
Scott DeWald,"('USA', False)",Arizona,Corporate/M&A,Lewis Roca,www.chambers.com/lawyer/scott-dewald-usa-5:170321,www.chambers.com/law-firm/lewis-roca-usa-5:3399,Band 3
Scott K Weiss,"('USA', False)",Arizona,Corporate/M&A,Weiss Brown,www.chambers.com/lawyer/scott-k-weiss-usa-5:381190,www.chambers.com/law-firm/weiss-brown-usa-5:22398660,Band 3
Steven T Lawrence,"('USA', False)",Arizona,Corporate/M&A,"Milligan Lawless, P.C.",www.chambers.com/lawyer/steven-t-lawrence-usa-5:477345,www.chambers.com/law-firm/milligan-lawless-pc-usa-5:282169,Band 3
Susan M Wissink,"('USA', False)",Arizona,Corporate/M&A,Fennemore Craig,www.chambers.com/lawyer/susan-m-wissink-usa-5:414845,www.chambers.com/law-firm/fennemore-craig-usa-5:65216,Band 3
Terence W Thompson,"('USA', False)",Arizona,Corporate/M&A,Gallagher & Kennedy,www.chambers.com/lawyer/terence-w-thompson-usa-5:560653,www.chambers.com/law-firm/gallagher-kennedy-usa-5:65217,Band 3
Terry Roman,"('USA', False)",Arizona,Corporate/M&A,Snell & Wilmer LLP,www.chambers.com/lawyer/terry-roman-usa-5:194198,www.chambers.com/law-firm/snell-wilmer-llp-usa-5:65230,Band 3
Eliot L Kaplan,"('USA', False)",Arizona,Corporate/M&A,Perkins Coie LLP,www.chambers.com/lawyer/eliot-l-kaplan-usa-5:25418829,www.chambers.com/law-firm/perkins-coie-llp-usa-5:3644,Band 4
Quinn Williams,"('USA', False)",Arizona,Corporate/M&A,"Greenberg Traurig, LLP",www.chambers.com/lawyer/quinn-williams-usa-5:170339,www.chambers.com/law-firm/greenberg-traurig-llp-usa-5:3579,Band 4
Andrew P Kelly,"('USA', False)",Arizona,Corporate/M&A,Osborn Maledon PA,www.chambers.com/lawyer/andrew-p-kelly-usa-5:271489,www.chambers.com/law-firm/osborn-maledon-pa-usa-5:65225,Band 4
Brian K. Moll,"('USA', False)",Arizona,Corporate/M&A,Quarles & Brady LLP,www.chambers.com/lawyer/brian-k-moll-usa-5:917052,www.chambers.com/law-firm/quarles-brady-llp-usa-5:65844,Band 4
Daniel McEvers Mahoney,"('USA', False)",Arizona,Corporate/M&A,Snell & Wilmer LLP,www.chambers.com/lawyer/daniel-mcevers-mahoney-usa-5:314895,www.chambers.com/law-firm/snell-wilmer-llp-usa-5:65230,Band 4
Jaime Daddona,"('USA', False)",Arizona,Corporate/M&A,Squire Patton Boggs,www.chambers.com/lawyer/jaime-daddona-usa-5:1385288,www.chambers.com/law-firm/squire-patton-boggs-usa-5:3680,Band 4
Jonathan F Ariano,"('USA', False)",Arizona,Corporate/M&A,Osborn Maledon PA,www.chambers.com/lawyer/jonathan-f-ariano-usa-5:239493,www.chambers.com/law-firm/osborn-maledon-pa-usa-5:65225,Band 4
Matthew C. Sweger,"('USA', False)",Arizona,Corporate/M&A,Lewis Roca,www.chambers.com/lawyer/matthew-c-sweger-usa-5:921615,www.chambers.com/law-firm/lewis-roca-usa-5:3399,Band 4
Jeremy Zangara,"('USA', False)",Arizona,Corporate/M&A,"Greenberg Traurig, PA",www.chambers.com/lawyer/jeremy-zangara-usa-5:1215862,www.chambers.com/law-firm/greenberg-traurig-pa-usa-5:3579,Up and Coming
Jessica Benford Powell,"('USA', False)",Arizona,Corporate/M&A,Clark Hill PLC,www.chambers.com/lawyer/jessica-benford-powell-usa-5:1538639,www.chambers.com/law-firm/clark-hill-plc-usa-5:65532,Up and Coming
Anne Leary,"('USA', False)",Arizona,Employee Benefits & Executive Compensation,Gallagher & Kennedy,www.chambers.com/lawyer/anne-leary-usa-5:25967703,www.chambers.com/law-firm/gallagher-kennedy-usa-5:65217,Band 1
Anne Meyer,"('USA', False)",Arizona,Employee Benefits & Executive Compensation,Snell & Wilmer LLP,www.chambers.com/lawyer/anne-meyer-usa-5:25967696,www.chambers.com/law-firm/snell-wilmer-llp-usa-5:65230,Band 1
Erwin D Kratz,"('USA', False)",Arizona,Employee Benefits & Executive Compensation,ERISA Benefits Law,www.chambers.com/lawyer/erwin-d-kratz-usa-5:473788,www.chambers.com/law-firm/erisa-benefits-law-usa-5:22917200,Band 1
Marvin S. Swift Jr.,"('USA', False)",Arizona,Employee Benefits & Executive Compensation,Snell & Wilmer LLP,www.chambers.com/lawyer/marvin-s-swift-jr-usa-5:25420782,www.chambers.com/law-firm/snell-wilmer-llp-usa-5:65230,Band 1
Nancy Campbell,"('USA', False)",Arizona,Employee Benefits & Executive Compensation,Snell & Wilmer LLP,www.chambers.com/lawyer/nancy-campbell-usa-5:564511,www.chambers.com/law-firm/snell-wilmer-llp-usa-5:65230,Band 1
Charles Whetstine,"('USA', False)",Arizona,Employee Benefits & Executive Compensation,Frazer Ryan Goldberg Arnold & Gittler LLP,www.chambers.com/lawyer/charles-whetstine-usa-5:26362986,www.chambers.com/law-firm/frazer-ryan-goldberg-arnold-gittler-llp-usa-5:98669,Band 2
Ryan Curtis,"('USA', False)",Arizona,Employee Benefits & Executive Compensation,Fennemore Craig,www.chambers.com/lawyer/ryan-curtis-usa-5:25969724,www.chambers.com/law-firm/fennemore-craig-usa-5:65216,Band 2
